feature,historical_missing_pct,2026_missing_pct,historical_mean,2026_mean,historical_std,2026_std,historical_min,historical_max,2026_min,2026_max,standardized_mean_diff,status,is_critical
season,0.0,0.0,2020.1226282501757,2026.0,3.203114624289391,0.0,2015.0,2025.0,2026.0,2026.0,1.8348927338584384,DISTRIBUTION_WARNING,False
match_round,0.0,0.0,11.921706419742879,12.36231884057971,6.821372359035821,7.160324344762118,0.0,24.0,0.0,24.0,0.06459292905381155,READY,False
attendance,0.0,0.0,30988.564858831796,37551.20289855073,18845.181048284965,18397.59480990988,0.0,95179.0,5814.0,92231.0,0.3482395856481397,READY,False
home_final_score,0.0,0.0,85.68798313422347,92.66666666666667,26.318439317308396,25.674131192674995,16.0,205.0,31.0,170.0,0.26516327386683786,READY,False
away_final_score,0.0,0.0,79.69267496176263,85.55072463768116,25.14664097178124,24.32271737288452,14.0,173.0,29.0,163.0,0.2329555538846019,READY,False
match_home_team_goals,0.0,0.0,12.436463974205283,9.951690821256038,4.244095116710654,3.45137084287848,2.0,31.0,3.0,23.0,-0.5854659437687261,DISTRIBUTION_WARNING,False
match_away_team_goals,0.0,0.0,11.564631474515316,12.400966183574878,4.055262963410739,3.9976244273293045,1.0,27.0,3.0,25.0,0.2062343962908266,READY,False
guernsey_number,0.0,0.0,20.22563143317763,21.03612686410418,12.877075414267756,13.258284988010757,1.0,67.0,1.0,51.0,0.06294095552383926,READY,False
match_margin,0.0,0.0,0.00950766814104419,0.0,41.11548354102839,41.34771640522991,-171.0,171.0,-128.0,128.0,-0.00023124300925603033,READY,True
home_advantage,0.0,0.0,0.006179984291678723,0.5,0.7977489720956089,0.5000262570566021,-1.0,1.0,0.0,1.0,0.6190167997472992,DISTRIBUTION_WARNING,False
is_midfielder,0.0,0.0,0.26698978959117026,0.2608695652173913,0.4423892679270201,0.43913196977859636,0.0,1.0,0.0,1.0,-0.013834477500906732,READY,False
is_forward,0.0,0.0,0.2670001240130627,0.2607645452636001,0.44239471105746087,0.43907475860207995,0.0,1.0,0.0,1.0,-0.014095057182210997,READY,False
is_back,0.0,0.0,0.26697945516927785,0.26065952530980885,0.4423838244881842,0.43901751484493323,0.0,1.0,0.0,1.0,-0.01428607808339475,READY,False
player_age,0.0,0.0,25.39462764023965,25.828067671646714,3.8294947213377357,4.140412571277491,18.22,47.14,18.30663929,38.61875428,0.11318465305408533,READY,False
coaches_votes,0.0,0.0,0.6675003100326568,0.6521739130434783,1.9665572941767115,1.966903980835007,0.0,10.0,0.0,10.0,-0.007793516636694174,READY,True
supercoach_score,0.0,0.0,73.43154478938447,71.746481831548,30.109420787236573,28.954611027473145,-12.0,232.0,-4.0,223.0,-0.05596464208805968,READY,True
afl_fantasy_score,0.0,0.0,68.1221838700343,66.96555345515648,27.694703915201906,26.28098014128403,-3.0,200.0,-3.0,182.0,-0.04176359561089,READY,True
rating_points,0.0,0.0,9.048048861146707,8.841535391724427,5.476820235308571,5.404433626232462,-10.5,40.9,-12.0,36.9,-0.037706819020808094,READY,True
kicks,0.0,0.0,9.324283824562855,9.245956731779039,4.7026231694868,4.732859047842478,0.0,37.0,0.0,39.0,-0.01665604280012168,READY,False
marks,0.0,0.0,4.000103344218925,4.005881117412308,2.566446930126004,2.5860603807676346,0.0,21.0,0.0,19.0,0.002251273200143504,READY,False
handballs,0.0,0.0,6.775422677855401,6.77021634110481,4.384896269962581,4.188565984592169,0.0,35.0,0.0,27.0,-0.0011873340736143943,READY,False
disposals,0.0,0.0,16.099706502418254,16.01617307288385,7.34610198021073,7.193979129483734,0.0,54.0,0.0,47.0,-0.011371123047220374,READY,True
effective_disposals,0.0,0.0,11.704497540407589,11.791010291955471,5.820919169068102,5.88379675247627,0.0,45.0,0.0,40.0,0.014862386684151938,READY,False
goals,0.0,0.0,0.5339279070728783,0.5615416929216551,0.9412186178577789,0.9694653677408023,0.0,11.0,0.0,10.0,0.02933833365050303,READY,True
behinds,0.0,0.0,0.3818982266132033,0.41178323881537493,0.706096387534415,0.7465495267169414,0.0,7.0,0.0,7.0,0.04232426723853628,READY,False
hitouts,0.0,0.0,1.6826195692612955,1.551459777357698,6.5718941631636305,5.9719197686374885,0.0,80.0,0.0,60.0,-0.01995768474768907,READY,False
tackles,0.0,0.0,2.747478401058245,2.493383742911153,2.258298131008632,2.0979602373307262,0.0,20.0,0.0,19.0,-0.11251599364057595,READY,True
rebounds,0.0,0.0,1.6553883675747179,1.7059441293845832,1.9477178420331172,1.992071343292934,0.0,18.0,0.0,13.0,0.025956409454612223,READY,False
inside_fifties,0.0,0.0,2.2770451820925137,2.3038227263180002,1.9323612378328092,1.9437538044468086,0.0,16.0,0.0,15.0,0.013857421532382931,READY,False
clearances,0.0,0.0,1.6256045636807077,1.5687880697332492,2.2368244335973624,2.207906175805493,0.0,20.0,0.0,17.0,-0.02540051561225286,READY,True
clangers,0.0,0.0,2.4131495184159397,2.434362528880487,1.7570911266690854,1.750642494044589,0.0,15.0,0.0,12.0,0.012072800404359702,READY,False
free_kicks_for,0.0,0.0,0.8325100243892357,0.8187355597563537,0.9846254111728786,0.9786684801979234,0.0,9.0,0.0,8.0,-0.013989548184089592,READY,False
free_kicks_against,0.0,0.0,0.831435244512422,0.8180004200798152,0.9787461630501957,0.9598381252907795,0.0,9.0,0.0,8.0,-0.013726566641894238,READY,False
contested_possessions,0.0,0.0,6.073457070811459,5.613001470279353,3.691785261043333,3.4514489394054966,0.0,32.0,0.0,26.0,-0.12472437262019331,READY,True
uncontested_possessions,0.0,0.0,9.840570873465339,9.909157739970594,5.30085868771889,5.242150407351581,0.0,38.0,0.0,36.0,0.012938821905243016,READY,False
contested_marks,0.0,0.0,0.46998883882435616,0.39025414828817473,0.8410689115555032,0.7363087469528781,0.0,9.0,0.0,8.0,-0.09480161427999664,READY,False
marks_inside_fifty,0.0,0.0,0.5088255962961432,0.5392774627179164,0.9710922680450517,1.0260656183606172,0.0,12.0,0.0,9.0,0.031358365650544416,READY,False
one_percenters,0.0,0.0,2.0709251374478113,1.838899390884268,2.3186522656996824,2.1744830180818906,0.0,25.0,0.0,19.0,-0.10006922986941583,READY,False
bounces,0.0,0.0,0.26673142904385927,0.3506616257088847,0.7520948068954734,0.9000076340722356,0.0,15.0,0.0,12.0,0.11159523492985654,READY,False
goal_assists,0.0,0.0,0.3712951097515605,0.41304347826086957,0.6614245219207804,0.6902702800733694,0.0,6.0,0.0,5.0,0.06311887014420269,READY,False
time_on_ground_percentage,0.0,0.0,80.08970278202638,78.26233984457046,13.928304203584082,11.512042233309439,0.0,100.0,1.0,100.0,-0.13119780489757632,READY,False
centre_clearances,0.0,0.0,0.5321503865073788,0.5595463137996219,1.0630767517668316,1.132663177357053,0.0,11.0,0.0,9.0,0.025770413327834685,READY,False
stoppage_clearances,0.0,0.0,1.0927721053284278,1.0092417559336273,1.534632306400686,1.4296214647056806,0.0,14.0,0.0,11.0,-0.05443020392989897,READY,False
score_involvements,0.0,0.0,4.033235500806085,4.255198487712666,2.6310825841702874,2.6109226523211198,0.0,21.0,0.0,19.0,0.08436184718868374,READY,True
metres_gained,0.0,0.0,249.8405915423091,261.66582650703634,147.1722182846992,151.74583386285175,-92.0,1169.0,-38.0,1060.0,0.08034964141025415,READY,True
turnovers,0.0,0.0,2.9817804142036293,2.8276622558286073,2.0183497245055,1.9376423586601375,0.0,17.0,0.0,13.0,-0.07635850046392789,READY,False
intercepts,0.0,0.0,2.9993696002645613,2.8395295106070155,2.6076662223297933,2.4565716688648123,0.0,22.0,0.0,18.0,-0.061296222763793096,READY,False
tackles_inside_fifty,0.0,0.0,0.47676821958579635,0.47101449275362317,0.8435284875991353,0.8350138850435505,0.0,9.0,0.0,8.0,-0.006821022546078474,READY,False
contest_def_losses,0.0,0.0,0.1890269108346079,0.1157319890779248,0.5153564890841782,0.39084999275970467,0.0,7.0,0.0,6.0,-0.14222178881832442,READY,False
contest_def_one_on_ones,0.0,0.0,0.6880451407548261,0.4478050829657635,1.3506993635504798,1.002703997084768,0.0,15.0,0.0,11.0,-0.1778634567188675,READY,False
contest_off_one_on_ones,0.0,0.0,0.6880761440205035,0.1157319890779248,1.355857438074182,0.3964530466198421,0.0,18.0,0.0,6.0,-0.4221270901131897,READY,False
contest_off_wins,0.0,0.0,0.18903724525650034,0.4477000630119723,0.5386590558335662,0.9982894008776353,0.0,8.0,0.0,10.0,0.4801976592692671,READY,False
def_half_pressure_acts,0.0,0.0,5.938675540490265,5.4594622978365885,3.8807526342195153,3.601993467821572,0.0,31.0,0.0,29.0,-0.12348461440909496,READY,False
effective_kicks,0.0,0.0,6.135298251415816,6.21340054610376,3.683404079771625,3.886375498361553,0.0,36.0,0.0,27.0,0.02120383563586272,READY,False
f50_ground_ball_gets,0.0,0.0,0.6925509486999297,0.6531190926275993,1.0382522441163944,0.9804973757054385,0.0,9.0,0.0,7.0,-0.03797907136323022,READY,False
ground_ball_gets,0.0,0.0,4.133768756975734,3.7534131484982147,2.801558192757711,2.57566953030118,0.0,22.0,0.0,19.0,-0.13576573546134946,READY,False
hitouts_to_advantage,0.0,0.0,0.4847153900210822,0.4483301827347196,2.0236257231437715,1.8441275647715494,0.0,27.0,0.0,19.0,-0.017980205959151858,READY,False
intercept_marks,0.0,0.0,0.6686784341283949,0.6241335853812224,1.1113219314830916,1.0447287977773483,0.0,10.0,0.0,8.0,-0.04008275863657802,READY,False
marks_on_lead,0.0,0.0,0.33920672977553634,0.49936988027725265,0.7381248309453324,0.8675852412005668,0.0,13.0,0.0,9.0,0.21698653640549107,READY,False
pressure_acts,0.0,0.0,12.610909015749659,11.454211300147028,6.545039217696192,5.922516675656886,0.0,48.0,0.0,42.0,-0.17672892050443365,READY,False
ruck_contests,0.0,0.0,4.033545533462858,3.952846040747742,14.604915163258488,13.873147403208764,0.0,134.0,0.0,110.0,-0.00552550232665036,READY,False
score_launches,0.0,0.0,0.9847153900210822,1.054400336063852,1.1565832427948877,1.2201189816442701,0.0,12.0,0.0,12.0,0.0602506965900491,READY,False
shots_at_goal,0.0,0.0,1.1010396428423794,1.1698172652804033,1.5033047364379308,1.5804048187204196,0.0,19.0,0.0,12.0,0.04575095173383936,READY,False
spoils,0.0,0.0,1.4811190112025134,1.3310228943499265,2.113127311117965,2.003584012665856,0.0,24.0,0.0,18.0,-0.0710303236643028,READY,False
team_won,0.0,0.0,0.44287131577859534,0.4927536231884058,0.4967281583951549,0.4999737415644595,0.0,1.0,0.0,1.0,0.10042174289247427,READY,True
close_game,0.0,0.0,0.2577818196850068,0.28019323671497587,0.4374155123380032,0.4491171005281504,0.0,1.0,0.0,1.0,0.0512359904891785,READY,True
blowout,0.0,0.0,0.319250961101236,0.34299516908212563,0.4661888361362503,0.4747348225551101,0.0,1.0,0.0,1.0,0.050932596708407725,READY,False
is_2020,0.0,0.0,0.06957132817990162,0.0,0.25442450243874054,0.0,0.0,1.0,0.0,0.0,-0.2734458651310629,READY,False
goals_3p,0.0,0.0,0.047352321111157045,0.05398025624868725,0.21239243156936316,0.2259906009926536,0.0,1.0,0.0,1.0,0.03120607965432917,READY,False
goals_5p,0.0,0.0,0.0062833285106031166,0.006931316950220542,0.07901843342322289,0.08296985448087145,0.0,1.0,0.0,1.0,0.008200471858848403,READY,False
disp_30p,0.0,0.0,0.05140341449299326,0.046313799621928164,0.22082030566611796,0.21017485739820999,0.0,1.0,0.0,1.0,-0.023048672338859235,READY,False
disp_35p,0.0,0.0,0.01340374519449382,0.011237135055660576,0.11499661505426499,0.10541360840117522,0.0,1.0,0.0,1.0,-0.018840642725099842,READY,False
clear_10p,0.0,0.0,0.009869372907279567,0.00924175593362739,0.09885377774462793,0.09569382206239677,0.0,1.0,0.0,1.0,-0.006348942731086311,READY,False
tackles_10p,0.0,0.0,0.013166053490967715,0.007666456626759084,0.11398615179029323,0.08722660782057212,0.0,1.0,0.0,1.0,-0.04824793869983917,READY,False
coaches_votes__match_z,0.0,0.0,1.3086689077419842e-17,-4.0108876335964484e-18,0.9888175232321188,0.9891226502649172,-0.4724773930469802,5.291508981737572,-0.4501981307759058,5.291508981737572,-1.7290932158170036e-17,READY,True
coaches_votes__match_pct,0.0,0.0,0.5111250051672108,0.5108695652173914,0.17729426457374578,0.17461416761157111,0.3977272727272727,1.0,0.41304347826086957,1.0,-0.0014407682641827293,READY,True
coaches_votes__match_rank,0.0,0.0,22.982989541565043,23.5,7.985589408194446,8.032251710132272,1.0,28.5,1.0,28.0,0.06474293029697022,READY,True
coaches_votes__match_share,0.0,0.0,0.022250010334421894,0.021739130434782605,0.06555190980589039,0.06556346602783358,0.0,0.3333333333333333,0.0,0.3333333333333333,-0.00779351663669427,READY,True
supercoach_score__match_z,0.0,0.0,-3.7633123070258706e-19,-7.042372472942602e-18,0.9888175232321187,0.9891226502649172,-2.9972218070158934,4.531413335689049,-2.9115805632816274,4.562319101114385,-6.7414270941021775e-18,READY,False
supercoach_score__match_pct,0.0,0.0,0.5111250051672109,0.5108695652173914,0.2885025080488415,0.28852006918607936,0.021739130434782608,1.0,0.021739130434782608,1.0,-0.0008853994079536255,READY,False
supercoach_score__match_rank,0.0,0.0,22.982989541565043,23.5,12.985633227775882,13.271923182559652,1.0,46.0,1.0,46.0,0.03981403520076993,READY,False
supercoach_score__match_share,0.0,0.0,0.022250010334421894,0.021739130434782608,0.009122649873559477,0.008773186002856958,-0.003639672429481347,0.0694570821959357,-0.0012117540139351712,0.0675552862768858,-0.05600126133526051,READY,False
afl_fantasy_score__match_z,0.0,0.0,1.2574970391769372e-18,4.104164090191715e-18,0.9888175232321188,0.9891226502649172,-3.0523722486846108,4.215796594132662,-2.974219120846684,4.13090239538598,2.8788598342290306e-18,READY,False
afl_fantasy_score__match_pct,0.0,0.0,0.511125005167211,0.5108695652173914,0.28848966069718696,0.2885051444568699,0.021739130434782608,1.0,0.021739130434782608,1.0,-0.0008854388375735023,READY,False
afl_fantasy_score__match_rank,0.0,0.0,22.982989541565043,23.5,12.985056228592581,13.271236645016016,1.0,46.0,1.0,46.0,0.03981580436259644,READY,False
afl_fantasy_score__match_share,0.0,0.0,0.022250010334421894,0.021739130434782608,0.00890912412727523,0.008481744925687025,-0.0010901162790697674,0.06454953400069037,-0.0010305736860185502,0.06228610540725531,-0.057343448395250185,READY,False
rating_points__match_z,0.0,0.0,2.7536431514823445e-19,-6.995734244644968e-19,0.9888175232321188,0.9891226502649172,-3.24204669953555,4.488585091704533,-3.3272225785597063,4.308701354725112,-9.859632507583207e-19,READY,False
rating_points__match_pct,0.0,0.0,0.5111250051672109,0.5108695652173914,0.28854999498216083,0.2885647097333033,0.021739130434782608,1.0,0.021739130434782608,1.0,-0.0008852536969732836,READY,False
rating_points__match_rank,0.0,0.0,22.982989541565043,23.5,12.98776093938086,13.273976647731951,1.0,46.0,1.0,46.0,0.03980751269199162,READY,False
rating_points__match_share,0.0,0.0,0.022250010334421897,0.021739130434782608,0.01333560801023514,0.013198983639935314,-0.03364306312079461,0.09891808346213292,-0.03138075313807531,0.08933626926706512,-0.03830945685020033,READY,False
disposals__match_z,0.0,0.0,3.561378475917166e-18,-1.8188909036076918e-18,0.9888175232321187,0.9891226502649172,-2.80818696397729,4.476618134273289,-2.32174652148819,3.882177150473716,-5.441114516193574e-18,READY,False
disposals__match_pct,0.0,0.0,0.5111250051672109,0.5108695652173914,0.2879711958128425,0.28800362038048716,0.021739130434782608,1.0,0.021739130434782608,1.0,-0.0008870329864018594,READY,False
disposals__match_rank,0.0,0.0,22.982989541565043,23.5,12.961808097421498,13.24816653750241,1.0,46.0,1.0,46.0,0.03988721747375707,READY,False
disposals__match_share,0.0,0.0,0.022250010334421894,0.02173913043478261,0.010007749586461733,0.009685009759980752,0.0,0.07417582417582418,0.0,0.06033376123234917,-0.051048429542081,READY,False
effective_disposals__match_z,0.0,0.0,7.985565139298799e-19,3.497867122322484e-18,0.9888175232321188,0.9891226502649172,-2.5610273045348535,4.366564807125549,-2.2081488572832626,3.8455226755437963,2.72983694662838e-18,READY,False
effective_disposals__match_pct,0.0,0.0,0.5111250051672109,0.5108695652173914,0.2877256755044529,0.2877724101941794,0.021739130434782608,1.0,0.021739130434782608,1.0,-0.0008877899039483776,READY,False
effective_disposals__match_rank,0.0,0.0,22.982989541565043,23.5,12.950827531208919,13.237530868932252,1.0,46.0,1.0,46.0,0.03992103648890886,READY,False
effective_disposals__match_share,0.0,0.0,0.022250010334421894,0.021739130434782608,0.0108276973988989,0.010692626186765917,0.0,0.08108108108108109,0.0,0.06569343065693431,-0.04718269091000256,READY,False
goals__match_z,0.0,0.0,7.067684088804684e-19,-2.285273186584023e-18,0.9888175232321188,0.9891226502649172,-0.9500045755112446,6.1314362154248805,-0.8598234599865133,5.936150053609245,-3.0258784104922544e-18,READY,False
goals__match_pct,0.0,0.0,0.5111250051672109,0.5108695652173914,0.23871229040368472,0.24079275036011824,0.25,1.0,0.25,1.0,-0.001070074562929322,READY,False
goals__match_rank,0.0,0.0,22.982989541565043,23.5,10.745558990990089,11.07646651656544,1.0,35.0,1.0,35.5,0.04811387279791199,READY,False
goals__match_share,0.0,0.0,0.022250010334421894,0.021739130434782608,0.03909222088986345,0.0374797897406872,0.0,0.38461538461538464,0.0,0.37037037037037035,-0.013068582137571923,READY,False
tackles__match_z,0.0,0.0,2.134073442398817e-18,-1.119317479143195e-18,0.9888175232321188,0.9891226502649172,-2.128903164502306,5.228764307073613,-1.7692587999307312,5.017057442580544,-3.2901833200808865e-18,READY,False
tackles__match_pct,0.0,0.0,0.5111250051672108,0.5108695652173914,0.2834706246009423,0.282895541096185,0.021739130434782608,1.0,0.021739130434782608,1.0,-0.0009011161215701507,READY,False
tackles__match_rank,0.0,0.0,22.982989541565043,23.5,12.759128124744949,13.01319489042451,1.0,46.0,1.0,46.0,0.04052082974480606,READY,False
tackles__match_share,0.0,0.0,0.022250010334421894,0.021739130434782608,0.01778881403029841,0.017974534733906988,0.0,0.15294117647058825,0.0,0.12790697674418605,-0.028719165806620973,READY,False
inside_fifties__match_z,0.0,0.0,-4.8051072993366906e-18,-5.876416765501774e-18,0.9888175232321188,0.9891226502649172,-1.6846886413563629,5.270792117940838,-1.5741869112782005,4.952299213945219,-1.0834248392598518e-18,READY,False
inside_fifties__match_pct,0.0,0.0,0.511125005167211,0.5108695652173914,0.282755427656885,0.282836098112107,0.022727272727272728,1.0,0.043478260869565216,1.0,-0.0009033953899185972,READY,False
inside_fifties__match_rank,0.0,0.0,22.982989541565043,23.5,12.727521151466682,13.010460513156923,1.0,45.0,1.0,45.0,0.04062145741359682,READY,False
inside_fifties__match_share,0.0,0.0,0.022250010334421894,0.02173913043478261,0.01878449043108688,0.018292580180278385,0.0,0.1568627450980392,0.0,0.14150943396226415,-0.027196899565282606,READY,False
clearances__match_z,0.0,0.0,5.874438723162335e-19,-1.3991468489289937e-18,0.9888175232321188,0.9891226502649172,-1.1053569698147927,5.6022176933409735,-0.9626590712452506,5.015283466002578,-2.009056953958215e-18,READY,False
clearances__match_pct,0.0,0.0,0.5111250051672109,0.5108695652173914,0.27303901697438315,0.2723974481027488,0.125,1.0,0.11956521739130435,1.0,-0.00093554376458785,READY,False
clearances__match_rank,0.0,0.0,22.982989541565043,23.5,12.288556424781861,12.530282612726445,1.0,41.0,1.0,41.5,0.042072513691870386,READY,False
clearances__match_share,0.0,0.0,0.022250010334421894,0.021739130434782608,0.03049149693540267,0.030470500310212836,0.0,0.26666666666666666,0.0,0.22388059701492538,-0.016754831706741156,READY,False
contested_possessions__match_z,0.0,0.0,-3.1575108136997548e-18,5.96969322209704e-18,0.9888175232321188,0.9891226502649172,-2.3598188226393204,4.9570031781462145,-1.9990137463382607,5.011687634808199,9.230423026852285e-18,READY,False
contested_possessions__match_pct,0.0,0.0,0.5111250051672109,0.5108695652173914,0.28651774023367277,0.2863584794785847,0.021739130434782608,1.0,0.021739130434782608,1.0,-0.0008915327532991618,READY,False
contested_possessions__match_rank,0.0,0.0,22.982989541565043,23.5,12.896429755760602,13.172490056014897,1.0,46.0,1.0,46.0,0.04008942538565896,READY,False
contested_possessions__match_share,0.0,0.0,0.022250010334421894,0.02173913043478261,0.013331349715116717,0.013239133966974188,0.0,0.10317460317460317,0.0,0.0959409594095941,-0.03832169364366639,READY,False
score_involvements__match_z,0.0,0.0,3.7174182545011647e-19,5.036928656144378e-18,0.9888175232321187,0.9891226502649172,-2.654306333812408,4.974896049611804,-2.3585147245508638,4.68006085387486,4.717945142644017e-18,READY,False
score_involvements__match_pct,0.0,0.0,0.5111250051672108,0.5108695652173914,0.2853323298956603,0.2854467913339269,0.021739130434782608,1.0,0.021739130434782608,1.0,-0.000895236617290715,READY,False
score_involvements__match_rank,0.0,0.0,22.982989541565043,23.5,12.8432641162291,13.130552401360639,1.0,46.0,1.0,46.0,0.0402553785202975,READY,False
score_involvements__match_share,0.0,0.0,0.022250010334421894,0.021739130434782608,0.014005836612873555,0.01296434253741881,0.0,0.10655737704918032,0.0,0.08333333333333333,-0.036476214435466635,READY,False
metres_gained__match_z,0.0,0.0,-8.903446189792914e-19,7.042372472942602e-18,0.9888175232321188,0.9891226502649172,-2.561124031784732,4.543387427031653,-2.2281109843684357,4.660607932182672,8.02242770333646e-18,READY,False
metres_gained__match_pct,0.0,0.0,0.5111250051672108,0.5108695652173914,0.2885848849594581,0.2886036678043231,0.021739130434782608,1.0,0.021739130434782608,1.0,-0.0008851466696024457,READY,False
metres_gained__match_rank,0.0,0.0,22.982989541565043,23.5,12.989325614513636,13.275768718998862,1.0,46.0,1.0,46.0,0.039802717537335004,READY,False
metres_gained__match_share,0.0,0.0,0.022250010334421894,0.021739130434782605,0.01297114783189176,0.012504903197835922,-0.008877738106725852,0.10408690232392485,-0.003213998750111597,0.0915213261958211,-0.039385866714370825,READY,False
intercepts__match_z,0.0,0.0,9.178810504941148e-19,4.337355231679881e-18,0.9888175232321188,0.9891226502649173,-1.6517846483784642,5.102723582830972,-1.5645909158683438,4.615509704520409,3.458144805129091e-18,READY,False
intercepts__match_pct,0.0,0.0,0.5111250051672109,0.5108695652173914,0.2845933394794392,0.28440991006325483,0.022727272727272728,1.0,0.03260869565217391,1.0,-0.0008975612369805122,READY,False
intercepts__match_rank,0.0,0.0,22.982989541565043,23.5,12.80987962213641,13.082855862909721,1.0,45.5,1.0,45.5,0.04036029015772519,READY,False
intercepts__match_share,0.0,0.0,0.022250010334421894,0.02173913043478261,0.019102821481785198,0.01862177994677797,0.0,0.16793893129770993,0.0,0.12307692307692308,-0.026743688105257804,READY,False
pressure_acts__match_z,0.0,0.0,1.0693314238256437e-18,-1.49242330552426e-18,0.9888175232321187,0.9891226502649172,-2.621168484842463,4.8083540229673005,-2.434691131910113,4.430104624034501,-2.5907254565800688e-18,READY,False
pressure_acts__match_pct,0.0,0.0,0.5111250051672108,0.5108695652173914,0.28783262611369514,0.2877385147952596,0.021739130434782608,1.0,0.021739130434782608,1.0,-0.0008874600258782664,READY,False
pressure_acts__match_rank,0.0,0.0,22.982989541565043,23.5,12.955621917770895,13.23597168058194,1.0,46.0,1.0,46.0,0.03990626322043148,READY,False
pressure_acts__match_share,0.0,0.0,0.022250010334421887,0.021739130434782608,0.011254948463540198,0.011019424951878427,0.0,0.07765151515151515,0.0,0.07434944237918216,-0.04539158053848461,READY,False
hitouts_to_advantage__match_z,0.0,0.0,-1.2942122811967019e-18,-1.865529131905325e-19,0.9888175232321187,0.9891226502649172,-0.41774751586692527,6.634888026970373,-0.35114331893798373,6.612459316255155,1.1201858199130572e-18,READY,False
hitouts_to_advantage__match_pct,0.0,0.0,0.5111250051672108,0.5108695652173914,0.14416778061972274,0.14052451881259273,0.38636363636363635,1.0,0.44565217391304346,1.0,-0.0017718241116109965,READY,False
hitouts_to_advantage__match_rank,0.0,0.0,22.982989541565043,23.5,6.494353902066572,6.464127865379265,1.0,28.0,1.0,26.5,0.07960922152247331,READY,False
hitouts_to_advantage__match_share,0.0,0.0,0.022250010334421894,0.021739130434782608,0.09067110010417677,0.08738370385914872,0.0,1.0,0.0,0.8947368421052632,-0.005634429261940231,READY,False
marks_inside_fifty__match_z,0.0,0.0,1.5145037333152895e-18,3.2180377525366857e-18,0.9888175232321187,0.9891226502649172,-0.8995889194608119,6.154153432090374,-0.8463449650649845,5.793081468264286,1.7227991810390908e-18,READY,False
marks_inside_fifty__match_pct,0.0,0.0,0.511125005167211,0.5108695652173914,0.23233151733186613,0.23347369005089272,0.23863636363636365,1.0,0.2608695652173913,1.0,-0.001099463184131048,READY,False
marks_inside_fifty__match_rank,0.0,0.0,22.982989541565043,23.5,10.459059550184293,10.739789742341065,1.0,34.5,1.0,35.0,0.04943183045801156,READY,False
marks_inside_fifty__match_share,0.0,0.0,0.022250010334421894,0.021739130434782608,0.04237895421446501,0.0413889722265188,0.0,0.47058823529411764,0.0,0.34782608695652173,-0.012055037909947037,READY,False
goal_assists__match_z,0.0,0.0,4.506795957926104e-18,7.438797413472483e-18,0.9888175232321188,0.9891226502649172,-0.8850451777924755,5.783592522178641,-0.8896078078474228,5.8436083376601085,2.9651592803115305e-18,READY,False
goal_assists__match_pct,0.0,0.0,0.511125005167211,0.5108695652173912,0.22649636365614476,0.23383026731942877,0.2608695652173913,1.0,0.2717391304347826,1.0,-0.0011277883039552824,READY,False
goal_assists__match_rank,0.0,0.0,22.982989541565043,23.5,10.199683870371738,10.756192296693724,1.0,35.0,1.0,34.5,0.05068887085184864,READY,False
goal_assists__match_share,0.0,0.0,0.022250010334421897,0.021739130434782608,0.04047468901604301,0.03686779457775702,0.0,0.4166666666666667,0.0,0.38461538461538464,-0.012622206916445751,READY,False
spoils__match_z,0.0,0.0,5.966226828211746e-20,-6.995734244644968e-19,0.9888175232321188,0.9891226502649172,-1.1705937033264788,6.044377332044707,-1.0601433683356452,5.62618961338606,-7.678218426640771e-19,READY,False
spoils__match_pct,0.0,0.0,0.5111250051672109,0.5108695652173914,0.2726952249189166,0.2696254727364866,0.11363636363636363,1.0,0.14130434782608695,1.0,-0.0009367232224016133,READY,False
spoils__match_rank,0.0,0.0,22.982989541565043,23.5,12.271652923939131,12.402771745878386,1.0,41.5,1.0,40.5,0.04213046617594521,READY,False
spoils__match_share,0.0,0.0,0.022250010334421894,0.021739130434782608,0.031229071770328805,0.03198242176528009,0.0,0.3,0.0,0.26229508196721313,-0.016359112540920283,READY,False
disposals__team_share,0.0,0.0,0.04450002066884379,0.043478260869565216,0.019732688324573318,0.019110193847522966,0.0,0.14035087719298245,0.0,0.121875,-0.05178006070293844,READY,False
disposals__team_rank,0.0,0.0,11.741494770782522,12.0,6.468250307798764,6.612029725163106,1.0,23.0,1.0,23.0,0.03996524823812071,READY,False
clearances__team_share,0.0,0.0,0.04450002066884379,0.043478260869565216,0.06043811573658957,0.06051952552330049,0.0,0.46153846153846156,0.0,0.4,-0.016905884421211232,READY,False
clearances__team_rank,0.0,0.0,11.741494770782522,12.0,6.11467053642355,6.235324120182582,1.0,22.0,1.0,21.5,0.0422762318390873,READY,False
contested_possessions__team_share,0.0,0.0,0.04450002066884379,0.043478260869565216,0.026478050945873962,0.02635324045814163,0.0,0.208,0.0,0.19117647058823528,-0.038588935468371034,READY,False
contested_possessions__team_rank,0.0,0.0,11.741494770782522,12.0,6.427827205261575,6.564498254094654,1.0,23.0,1.0,23.0,0.04021658034084609,READY,False
score_involvements__team_share,0.0,0.0,0.04450002066884379,0.043478260869565216,0.026546108169364396,0.024647304554463425,0.0,0.3076923076923077,0.0,0.18333333333333332,-0.038490003610312094,READY,False
score_involvements__team_rank,0.0,0.0,11.741494770782522,12.0,6.385783332305943,6.5279046020798805,1.0,23.0,1.0,23.0,0.04048136552170344,READY,False
metres_gained__team_share,0.0,0.0,0.04450002066884379,0.04347826086956521,0.025866084699682306,0.024907051220684276,-0.019479144611475756,0.22060766182298547,-0.007061592781482934,0.17503302509907528,-0.039501911910584886,READY,False
metres_gained__team_rank,0.0,0.0,11.741494770782522,12.0,6.489480079049107,6.632782460772834,1.0,23.0,1.0,23.0,0.03983450539466894,READY,False
goals__team_share,0.0,0.0,0.04450002066884379,0.043478260869565216,0.07847155420108627,0.07535390712405411,0.0,1.0,0.0,0.6666666666666666,-0.013020766692861384,READY,False
goals__team_rank,0.0,0.0,11.741494770782522,12.0,5.323085981079038,5.490723192089161,1.0,20.0,1.0,20.0,0.048563038458581675,READY,False
intercepts__team_share,0.0,0.0,0.044500020668843794,0.043478260869565216,0.038092468770820335,0.03714618509432153,0.0,0.3142857142857143,0.0,0.25,-0.026823144633284265,READY,False
intercepts__team_rank,0.0,0.0,11.741494770782522,12.0,6.379497340630627,6.516761128950906,1.0,23.0,1.0,23.0,0.04052125354313958,READY,False
career_games_prior,0.0,0.0,58.33550700673804,95.64429741650913,47.91574235185661,68.93763458346245,0.0,238.0,0.0,261.0,0.7786332545117184,DISTRIBUTION_WARNING,False
career_votes_prior,0.0,0.0,10.060363358273738,15.1256038647343,21.33467031459187,31.93241303084138,0.0,215.0,0.0,217.0,0.23741826950080333,READY,False
career_vote_rate_prior,0.0,0.0,0.12114131056631493,0.09387885056547292,0.2086623614284335,0.17235658991304076,0.0,3.0,0.0,1.2386363636363635,-0.13065346243669546,READY,False
career_poll_rate_prior,0.0,0.0,0.060960406351999515,0.047133413695837144,0.09682222944103934,0.07946458134529868,0.0,1.0,0.0,0.5454545454545454,-0.14280803836047204,READY,False
expected_coaches_votes,0.2673721632011905,0.0,0.6613014758123125,0.6529606367364024,1.6390388171558143,1.7068207734345693,-1.1763565169403185,12.070309593810927,-0.6843697069623447,11.77195291180577,-0.005088860000511619,READY,True
coach_residual,0.2673721632011905,0.0,0.0009735340618623805,-0.0007867236929242,1.0518170297055636,0.9549059317170585,-8.28363288100238,9.868104871386713,-6.114301046696339,8.255696593203146,-0.0016735398886623197,READY,True
coach_positive_residual,0.2673721632011905,0.0,0.22570287185143958,0.1971630045655751,0.8086973680961168,0.7288890473433525,0.0,9.868104871386713,0.0,8.255696593203146,-0.035291158858417875,READY,True
coach_negative_residual,0.2673721632011905,0.0,-0.22472933778957718,-0.19794972825849932,0.592353007900766,0.550001063966031,-8.28363288100238,0.0,-6.114301046696339,0.0,0.04520886899178896,READY,True
coach_residual_abs,0.2673721632011905,0.0,0.45043220964101677,0.39511273282407444,0.9504882820375576,0.8693189799914119,7.923291948097599e-07,9.868104871386713,1.1874431931069296e-05,8.255696593203146,-0.05820111395624384,READY,True
venue_name,0.0,0.0,,,,,,,,,,READY,False
player_team,0.0,0.0,,,,,,,,,,READY,False
player_position,0.0,0.0,,,,,,,,,,READY,True
match_home_team,0.0,0.0,,,,,,,,,,READY,False
match_away_team,0.0,0.0,,,,,,,,,,READY,False
