predicted_rank,player_id,player_name,team,position,games,predicted_expected_votes,total_coaches_votes,avg_expected_votes_per_game,number_of_matches_predicted_above_0_5,number_of_matches_predicted_above_1_0,number_of_matches_predicted_above_2_0,best_predicted_match_votes,best_predicted_match_id
1,12943,Nick Daicos,Collingwood,R,22,40.02669195867444,147.0,1.8193950890306565,19,17,12,2.905471498392759,17063
2,12269,Marcus Bontempelli,Western Bulldogs,C,22,29.44824025177742,109.0,1.3385563750807918,15,12,9,2.707662261088984,17186
3,12692,Bailey Smith,Geelong,C,22,27.467386904954743,85.0,1.248517586588852,17,10,6,2.6502767529348867,17137
4,12261,Patrick Cripps,Carlton,C,23,26.470959904356302,81.0,1.1509113001894045,15,11,4,2.9865950831461046,17155
5,12055,Lachie Neale,Brisbane Lions,R,23,25.225970260024262,73.0,1.0967813156532287,17,11,5,2.5820702360873202,17120
6,13040,Will Ashcroft,Brisbane Lions,C,23,24.999915656150208,91.0,1.0869528546152265,11,11,7,2.755808510110958,17087
7,12326,Isaac Heeney,Sydney,RR,20,21.39898437981632,84.0,1.069949218990816,12,10,6,2.6089527458728656,17099
8,12516,Jordan Dawson,Adelaide,C,20,20.531576403021838,80.0,1.026578820151092,10,10,4,2.6038441441113047,17173
9,13034,Harry Sheezel,North Melbourne,R,22,20.29750477709791,55.0,0.9226138535044505,11,8,3,2.9604651377959623,17110
10,11966,Max Gawn,Melbourne,RK,23,19.761063901192237,99.0,0.8591766913561842,14,9,2,2.329343091914655,17092
11,12915,Jai Newcombe,Hawthorn,RR,23,19.300328257974115,74.0,0.8391447068684398,8,7,6,2.4503674260919315,17100
12,12698,Zak Butters,Port Adelaide,RR,17,19.29121329642306,68.0,1.1347772527307682,12,9,4,2.5827185504454135,17191
13,12956,Jason Horne-Francis,Port Adelaide,C,21,18.400621200194113,75.0,0.8762200571521006,9,8,2,2.7262973701632363,17117
14,12950,Nasiah Wanganeen-Milera,St Kilda,HBFR,17,17.443721722501003,68.0,1.0261012777941767,9,8,3,2.729072946170587,17201
15,12798,Izak Rankine,Adelaide,HFFL,20,17.34126462619263,67.0,0.8670632313096315,9,9,3,2.6368922536457973,17262
16,12771,Kysaiah Pickett,Melbourne,HFFL,23,16.632954988719796,73.0,0.7231719560312955,7,7,5,2.762296310794892,17114
17,12410,Clayton Oliver,Greater Western Sydney,C,23,15.21586597857443,52.0,0.6615593903728013,13,7,1,2.1900736003526404,17156
18,12684,Sam Walsh,Carlton,R,23,15.071128685347066,61.0,0.6552664645803072,8,5,2,2.3840893328586055,17064
19,12797,Chad Warner,Sydney,R,22,14.998767991134851,56.0,0.6817621814152205,11,7,0,1.9201891626244736,17187
20,12786,Caleb Serong,Fremantle,R,20,14.906068448288188,54.0,0.7453034224144094,10,7,3,2.391543596676301,17248
21,12862,Errol Gulden,Sydney,C,11,14.388090187191452,54.0,1.3080081988355865,6,6,5,2.6355336198827586,17264
22,13111,Harley Reid,West Coast,RR,23,13.723541007395806,60.0,0.5966756959737307,7,5,2,2.7898730132982967,17148
23,12589,Andrew Brayshaw,Fremantle,C,23,13.711820634954366,49.0,0.5961661145632333,7,5,2,2.3494565554955185,17193
24,12779,Luke Jackson,Fremantle,RK,23,13.582210407495909,77.0,0.5905308872824309,8,5,1,2.7569894601842586,17180
25,12881,Max Holmes,Geelong,RR,18,13.433136215299822,65.0,0.7462853452944346,8,5,3,2.1765315297489227,17127
26,12217,Brodie Grundy,Sydney,RK,21,13.174265740865053,79.0,0.6273459876602406,9,5,2,2.310104495393827,17141
27,12605,Ed Richards,Western Bulldogs,R,22,13.118502217096617,63.0,0.5962955553225735,7,5,2,2.451765588023269,17227
28,12590,Luke Davies-Uniacke,North Melbourne,RR,23,12.50603771764715,56.0,0.5437407703324848,8,4,1,2.628433402092596,17239
29,12535,Shai Bolton,Fremantle,R,22,11.701345883199526,59.0,0.5318793583272512,7,4,1,2.2330455832238822,17118
30,12430,Christian Petracca,Gold Coast,C,20,11.565267746151903,38.0,0.5782633873075952,5,4,4,2.6159015910604038,17072
31,11845,Jack Gunston,Hawthorn,FPR,17,11.248950420807539,42.0,0.6617029659298552,7,5,2,2.3934171941093636,17225
32,12767,Noah Anderson,Gold Coast,RR,22,10.93639419945179,40.0,0.49710882724780864,6,4,0,1.7102538210848421,17142
33,12768,Matt Rowell,Gold Coast,R,18,10.88726144588269,49.0,0.6048478581045938,7,5,1,2.5617621337031906,17245
34,12969,Finn Callaghan,Greater Western Sydney,R,19,10.260373530009096,42.0,0.540019659474163,7,3,2,2.245296963431405,17102
35,12421,Charlie Curnow,Sydney,FF,22,9.657783275984295,40.0,0.43899014890837706,5,4,3,2.6184347791089078,17113
36,13048,Jacob van Rooyen,Melbourne,FF,22,9.328956764291037,38.0,0.42404348928595625,4,4,3,2.471165265105894,17210
37,12025,Toby Greene,Greater Western Sydney,RR,21,9.269519824219493,43.0,0.441405705915214,7,3,1,2.1099363518016765,17121
38,12983,Jye Amiss,Fremantle,FF,22,9.041202156852005,51.0,0.4109637344023639,6,4,2,2.3964714993890937,17112
39,12693,Tom Sparrow,Melbourne,C,23,8.877954540989101,47.0,0.3859980235212653,6,3,1,2.2060454381903867,17215
40,13274,Jagga Smith,Carlton,RR,23,8.588563644375716,59.0,0.37341581062503115,7,4,0,1.846964491452527,17235
41,12610,Zac Bailey,Brisbane Lions,WR,22,8.45012291034589,59.0,0.38409649592481315,7,2,0,1.2001838380000744,17120
42,12504,Tim Taranto,Richmond,C,21,8.399338942540707,41.0,0.399968521073367,5,3,1,2.1941389517101797,17236
43,13104,Shaun Mannagh,Geelong,CHF,23,8.053488658331158,56.0,0.35015168079700687,5,3,1,2.2866586881880857,17140
44,13193,Max Hall,St Kilda,C,23,7.6105110368306255,49.0,0.3308917842100272,5,3,0,1.9666856581849779,17249
45,13180,Murphy Reid,Fremantle,HFFL,21,7.369757394859516,51.0,0.3509408283266436,4,3,0,1.7082788457339904,17151
46,13137,Logan Morris,Brisbane Lions,CHF,22,7.304311337215911,30.0,0.33201415169163234,4,2,2,2.8446741695949207,17168
47,12241,Zach Merrett,Essendon,RR,23,7.1929846817990075,25.0,0.3127384644260438,4,1,1,2.0823546175242065,17220
48,12331,Touk Miller,Gold Coast,HFFL,23,7.166773846159396,33.0,0.31159886287649546,5,2,0,1.7842654167712653,17245
49,12411,George Hewett,Carlton,INT,19,7.066146691301092,39.0,0.3719024574368996,4,3,1,2.207340532642083,17200
50,12318,Jordan de Goey,Collingwood,R,21,6.889694794362672,41.0,0.32808070449346055,3,2,1,2.1554020285738082,17184
51,13125,Hugo Garcia,St Kilda,RR,23,6.692791431865799,32.0,0.2909909318202521,6,2,0,1.517568579239497,17119
52,12564,Rowan Marshall,St Kilda,INT,21,6.616769123115473,29.0,0.31508424395787965,3,3,1,2.519628526965338,17128
53,12237,Jarman Impey,Hawthorn,BPR,21,6.613519347667401,58.0,0.3149294927460667,3,2,1,2.1008112173721463,17225
54,13105,Nick Watson,Hawthorn,FPR,21,6.548791064484289,41.0,0.3118471935468709,5,4,0,1.6361229581964984,17233
55,12887,Josh Treacy,Fremantle,FPR,23,6.400909580549315,39.0,0.2783004165456224,6,2,0,1.720394401596748,17083
56,12743,John Noble,Gold Coast,HBFL,23,6.340542344822203,31.0,0.27567575412270445,5,2,0,1.8740357615082464,17130
57,12368,Jack Steele,Melbourne,RR,23,6.219852514651188,22.0,0.27042837020222554,5,1,0,1.761466025546351,17092
58,12373,Caleb Daniel,North Melbourne,CHB,23,6.1934413222903135,29.0,0.2692800574908832,3,2,1,2.5048514175239043,17185
59,12167,Jake Stringer,Greater Western Sydney,FPL,23,6.058382197330408,33.0,0.2634079216230612,3,2,2,2.3719697030403437,17198
60,12143,Lachie Whitfield,Greater Western Sydney,CHB,21,5.952343051096132,24.0,0.2834449071950539,3,2,1,2.272055553348919,17234
61,12782,Lachie Ash,Greater Western Sydney,HBFR,23,5.838879229690356,41.0,0.2538643143343633,4,1,1,2.059451217046539,17254
62,12017,Jeremy Cameron,Geelong,HFFL,17,5.819441353068601,15.0,0.3423200795922707,4,1,1,2.8501363538611426,17105
63,12849,Sam Berry,Adelaide,RR,22,5.76276864695995,37.0,0.26194402940727046,4,2,0,1.4858198376786798,17124
64,12954,Connor Macdonald,Hawthorn,INT,23,5.719676639792693,39.0,0.24868159303446494,5,2,0,1.3803537298709185,17122
65,12974,Oliver Dempsey,Geelong,WL,23,5.458801996169971,29.0,0.23733921722478132,3,2,1,2.1818789528316995,17230
66,12060,Bradley Hill,St Kilda,CHB,23,5.411206623257016,29.0,0.23526985318508764,3,3,0,1.4447322027817942,17249
67,12573,Josh Daicos,Collingwood,CHB,23,5.289090237235795,31.0,0.2299604450972085,3,2,0,1.3395533922999354,17204
68,12699,Nick Blakey,Sydney,CHB,22,5.148737749494122,33.0,0.23403353406791466,3,2,0,1.864791370978344,17106
69,12405,Wayne Milera,Adelaide,HBFR,18,5.084621937102234,54.0,0.2824789965056797,4,1,0,1.6369845329287467,17069
70,12968,Kai Lohmann,Brisbane Lions,INT,23,4.903431836863046,26.0,0.21319268855926285,3,2,1,2.296608282210684,17240
71,11713,Taylor Walker,Adelaide,FF,16,4.838181664878104,17.0,0.3023863540548815,3,3,1,2.3622854396266946,17109
72,12953,Josh Rachele,Adelaide,HFFR,23,4.773566068978444,26.0,0.20754635082514974,2,1,1,2.3872203249979385,17095
73,12455,Matthew Kennedy,Western Bulldogs,RR,23,4.656559072832959,15.0,0.20245909012317212,1,1,0,1.9224488555662353,17093
74,12406,Darcy Parish,Essendon,INT,14,4.593183708815129,21.0,0.3280845506296521,3,2,1,2.276540834442154,17150
75,11700,Patrick Dangerfield,Geelong,FPL,17,4.527624667917998,16.0,0.26633086281870577,3,3,0,1.346737011540173,17165
76,12595,Tim Kelly,West Coast,R,21,4.52030058432348,18.0,0.21525240877730858,3,1,0,1.2217774120653795,17176
77,12711,Justin McInerney,Sydney,R,13,4.4833199540733135,28.0,0.34487076569794717,3,2,0,1.9771493831956937,17059
78,12766,Mitch Georgiades,Port Adelaide,CHF,21,4.379531618434354,20.0,0.20854912468735018,3,2,0,1.607217156478758,17117
79,13129,Patrick Voss,Fremantle,FPL,22,4.376179710196564,21.0,0.1989172595543893,3,2,0,1.9502174182958085,17146
80,4182,Scott Pendlebury,Collingwood,C,17,4.373252167101799,15.0,0.2572501274765764,1,1,1,2.811893439465177,17116
81,12660,Darcy Cameron,Collingwood,RK,22,4.23575212568761,31.0,0.192534187531255,3,1,0,1.1385649154530222,17154
82,13168,Archie Roberts,Essendon,HBFL,21,4.193825191271768,15.0,0.1997059614891318,2,2,1,2.3830242932501955,17098
83,12955,Josh Ward,Hawthorn,R,23,4.080822691761124,19.0,0.1774270735548315,2,0,0,0.586450966310828,17225
84,12594,Aaron Naughton,Western Bulldogs,FF,22,4.046189709392171,16.0,0.1839177140632805,2,2,0,1.986079787009817,17066
85,12325,Jack Sinclair,St Kilda,R,15,4.014309614069943,24.0,0.2676206409379962,4,0,0,0.8748360890320519,17063
86,12794,Will Day,Hawthorn,C,11,3.992916241133141,19.0,0.3629923855575583,2,1,0,1.8315328918172458,17265
87,12703,Callum Wilkie,St Kilda,FB,23,3.8561047091844936,44.0,0.16765672648628233,2,2,0,1.2895397818454835,17076
88,12892,Riley Thilthorpe,Adelaide,CHF,20,3.82947393782446,16.0,0.191473696891223,2,1,1,2.2268431952395638,17238
89,12992,Shannon Neale,Geelong,FF,23,3.80677657464493,18.0,0.16551202498456216,2,2,0,1.537804766022627,17222
90,12584,Darcy Fogarty,Adelaide,FF,14,3.6828648188137,16.0,0.2630617727724071,3,2,0,1.5049091321228385,17213
91,12927,Jack Ginnivan,Hawthorn,HFFR,22,3.681879630177081,20.0,0.16735816500804915,2,2,0,1.4919072729225575,17207
92,12788,Tristan Xerri,North Melbourne,RK,19,3.6779061202945758,37.0,0.19357400633129346,2,0,0,0.9437911653737838,17079
93,11953,Luke Parker,North Melbourne,HBFR,23,3.6520002142344934,21.0,0.15878261801019536,3,0,0,0.9371504972642126,17070
94,12433,Aliir Aliir,Port Adelaide,CHB,22,3.492850763419765,25.0,0.1587659437918075,2,1,1,2.2088218217567097,17090
95,12728,Ben King,Gold Coast,FF,23,3.480966732459148,12.0,0.15134637967213688,2,1,1,2.3190498533552844,17075
96,12332,James Sicily,Hawthorn,BPL,22,3.380007851289907,13.0,0.1536367205131776,2,1,1,2.100245134009755,17158
97,12871,Tanner Bruhn,Geelong,HBFR,21,3.340337885750108,16.0,0.15906370884524323,2,1,0,1.7097137330422383,17250
98,12600,Liam Ryan,St Kilda,CHF,17,3.2140095765956853,17.0,0.1890593868585697,2,2,0,1.8767508172978455,17179
99,12975,Paul Curtis,North Melbourne,HFFL,20,3.0957702224356587,16.0,0.15478851112178293,2,1,0,1.9316867837144076,17110
100,12291,Daniel McStay,Collingwood,FPL,23,3.049979599339411,20.0,0.13260780866693092,2,1,0,1.2364025472697324,17246
101,12563,Nick Larkey,North Melbourne,FF,23,3.022185177587366,10.0,0.13139935554727677,2,1,0,1.3365473118535258,17079
102,12925,Sam Durham,Essendon,C,20,2.9942849269940015,26.0,0.14971424634970007,2,2,0,1.2526335240956563,17171
103,12601,Jake Waterman,West Coast,FF,23,2.975479494649722,20.0,0.1293686736804227,2,1,0,1.371102250928158,17085
104,12469,Blake Hardwick,Hawthorn,BPR,23,2.939277443390367,22.0,0.12779467145175508,2,1,0,1.5611585653466724,17149
105,12408,Josh Dunkley,Brisbane Lions,RR,23,2.866592924849143,18.0,0.12463447499344099,1,0,0,0.5794416432288433,17217
106,13007,Jase Burgoyne,Port Adelaide,INT,23,2.789613704362146,14.0,0.12128755236357157,1,1,1,2.0315052442149826,17263
107,12756,Kade Chandler,Melbourne,CHF,22,2.7780538325542574,36.0,0.1262751742070117,2,1,0,1.3478384717934593,17253
108,12354,Bailey Dale,Western Bulldogs,HBFR,18,2.772863934865817,28.0,0.15404799638143427,1,1,0,1.0295911508806397,17166
109,13103,Ryley Sanders,Western Bulldogs,HFFL,21,2.7389298751712268,11.0,0.1304252321510108,2,1,0,1.198663643785251,17133
110,12412,Tom Papley,Sydney,FPL,18,2.6049134174496618,14.0,0.14471741208053676,2,1,0,1.273241703899608,17213
111,13184,Harvey Langford,Melbourne,WR,23,2.6048662769582704,15.0,0.1132550555199248,1,1,0,1.7110121110936958,17111
112,12873,Francis Evans,Carlton,INT,21,2.595845436847233,18.0,0.12361168746891585,2,2,0,1.1947354031735218,17247
113,13140,Joel Freijah,Western Bulldogs,INT,23,2.588476736227956,8.0,0.11254246679251982,1,1,0,1.4889240346406531,17074
114,12502,Jy Simpkin,North Melbourne,WL,23,2.544413917900222,23.0,0.11062669208261836,2,0,0,0.8200997254569324,17152
115,12688,Jordan Clark,Fremantle,HBFL,23,2.5428924552495134,11.0,0.11056054153258754,1,1,0,1.50998203244606,17112
116,12076,Dayne Zorko,Brisbane Lions,HBFR,13,2.5404629885597267,6.0,0.19542022988920976,1,0,0,0.8605291925916608,17228
117,11898,Tom Liberatore,Western Bulldogs,RR,11,2.5386365820682313,13.0,0.23078514382438467,2,0,0,0.8865506460805054,17255
118,12598,Bayley Fritsch,Melbourne,FPR,21,2.5148412433345575,21.0,0.11975434492069321,3,0,0,0.8838022665318729,17197
119,13026,Darcy Wilmot,Brisbane Lions,HBFL,23,2.4640122499928543,18.0,0.10713096739099366,1,1,0,1.5677820620003824,17125
120,12712,Jack Ross,Richmond,RR,19,2.4272548180608036,13.0,0.12775025358214756,1,1,0,1.276777754228762,17126
121,13075,Karl Worner,Fremantle,HBFR,23,2.4061087494501363,15.0,0.10461342388913636,1,1,0,1.7605038146695073,17231
122,12636,Mitch Lewis,Hawthorn,FF,22,2.388708743058127,10.0,0.10857767013900577,1,1,0,1.4759009251824593,17218
123,12566,Harry McKay,Carlton,FF,21,2.3837454324063483,9.0,0.11351168725744516,1,1,0,1.0628693030704497,17171
124,12903,Malcolm Rosas,Sydney,HFFL,16,2.350863542743997,10.0,0.1469289714214998,1,1,1,2.228471211365416,17129
125,12844,Joel Amartey,Sydney,FPL,15,2.3241098160432525,9.0,0.1549406544028835,1,1,1,2.0526073883145077,17068
126,12518,Hugh McCluggage,Brisbane Lions,INT,13,2.269580681518063,13.0,0.1745831293475433,2,1,0,1.2527329764229052,17125
127,12686,Noah Balta,Richmond,RK,17,2.263996387603458,10.0,0.13317625809432104,1,1,1,2.029490164087605,17126
128,13031,Cam Mackenzie,Hawthorn,INT,21,2.2363799711308547,15.0,0.10649428433956451,2,0,0,0.7369858793981318,17158
129,12150,Ollie Wines,Port Adelaide,INT,19,2.23526779330741,8.0,0.11764567333196894,1,1,0,1.01684850435717,17124
130,12710,Dylan Moore,Hawthorn,HFFL,22,2.1655684833466804,10.0,0.09843493106121275,2,0,0,0.8498834989602331,17073
131,12028,Stephen Coniglio,Greater Western Sydney,INT,21,2.1654104191405357,12.0,0.10311478186383503,2,1,0,1.2028037849096245,17234
132,12934,James Peatling,Adelaide,INT,21,2.154072910806846,4.0,0.10257490051461172,0,0,0,0.47205056040375964,17143
133,13107,Colby McKercher,North Melbourne,HBFL,23,2.133693488639026,14.0,0.09276928211474027,1,1,0,1.287910097350052,17084
134,13041,Bodhi Uwland,Gold Coast,BPR,23,2.1159608506053322,33.0,0.09199829785240575,2,0,0,0.7018975533313173,17142
135,12165,Rory Laird,Adelaide,HBFL,18,2.115943294551324,9.0,0.11755240525285132,1,0,0,0.9173632197819634,17173
136,13263,Cooper Trembath,North Melbourne,CHF,23,2.0604451410322846,13.0,0.08958457134922977,1,1,0,1.2533124115595355,17185
137,12609,Jack Higgins,St Kilda,HFFL,16,2.0557668812062113,7.0,0.1284854300753882,1,1,0,1.7736611084263472,17119
138,12340,Harris Andrews,Brisbane Lions,FB,20,2.030712264423774,25.0,0.10153561322118869,1,1,0,1.2882891357957573,17217
139,13160,Lawson Humphries,Geelong,INT,22,2.0005678506987503,14.0,0.09093490230448865,1,1,0,1.254862201103342,17153
140,12495,Dan Houston,Collingwood,HBFL,23,1.9811054911025379,19.0,0.08613502135228425,1,0,0,0.6722304521866682,17122
141,12801,Michael Frederick,Fremantle,WL,18,1.8763069258739815,11.0,0.10423927365966563,1,1,0,1.236063786365186,17193
142,12796,Dylan Stephens,North Melbourne,WR,23,1.8322727951986364,7.0,0.07966403457385375,2,0,0,0.8831494618492185,17070
143,12393,Ed Langdon,Melbourne,HFFR,23,1.8305996252094825,9.0,0.0795912880525862,1,0,0,0.6913244259632406,17138
144,12931,Jake Bowey,Melbourne,BPL,15,1.8130557482509713,10.0,0.12087038321673142,1,0,0,0.7421723235360883,17210
145,12948,Mitch Owens,St Kilda,HFFR,20,1.8109476308053454,7.0,0.09054738154026727,1,1,0,1.454084602965304,17249
146,12505,Tom Stewart,Geelong,BPL,21,1.7957344557072459,21.0,0.0855111645574879,1,0,0,0.5876073532635027,17140
147,12277,Charlie Cameron,Brisbane Lions,HFFL,23,1.7461555797070791,17.0,0.07591980781335127,2,0,0,0.9766767258010812,17120
148,13047,Matthew Johnson,Fremantle,WR,22,1.6872318493851735,12.0,0.07669235679023516,1,0,0,0.8046249110466548,17223
149,12836,Bailey Williams,West Coast,RK,19,1.6559706428870034,15.0,0.08715634962563175,1,1,0,1.2396104482688621,17148
150,12498,Ben Ainsworth,Carlton,HFFR,23,1.616445593156712,14.0,0.0702802431807266,1,0,0,0.8413631282732668,17189
151,13335,Joel Fitzgerald,Melbourne,INT,10,1.5879141632982787,7.0,0.15879141632982788,2,0,0,0.736279449430791,17237
152,12300,Tim Membrey,Collingwood,FPR,19,1.5835604015371743,7.0,0.08334528429143022,1,0,0,0.5208794556492147,17081
153,12856,Lloyd Meek,Hawthorn,RK,23,1.5701745752743157,8.0,0.06826845979453547,1,0,0,0.975534575190605,17207
154,13148,Nate Caddy,Essendon,CHF,22,1.5485516940082011,9.0,0.07038871336400915,1,1,0,1.3621838251072356,17263
155,12519,Jarrod Berry,Brisbane Lions,WL,18,1.5148821883265333,14.0,0.08416012157369629,1,1,0,1.2508772576556277,17082
156,12366,Peter Wright,Essendon,FF,18,1.5115546466408694,13.0,0.08397525814671497,1,0,0,0.7543152063821252,17238
157,13187,Finn OSullivan,North Melbourne,C,19,1.479745372067573,13.0,0.07788133537197753,1,0,0,0.6595987077872297,17084
158,12166,Jack Macrae,St Kilda,INT,12,1.4794851644040268,3.0,0.12329043036700223,2,0,0,0.7516458656769643,17147
159,12929,Cooper Sharman,St Kilda,FF,21,1.471582938237998,11.0,0.07007537801133323,2,0,0,0.6209541480775899,17179
160,12497,Oliver Florent,Carlton,BPL,23,1.4608377065977336,27.0,0.06351468289555363,1,0,0,0.9705278555367424,17145
161,12851,Oliver Henry,Geelong,INT,22,1.4405194143054518,6.0,0.06547815519570235,1,0,0,0.7625756871382113,17243
162,13139,Joe Richards,Port Adelaide,FPR,20,1.4404031547330587,13.0,0.07202015773665293,1,0,0,0.9631256704973135,17214
163,13099,Caleb Windsor,Melbourne,R,20,1.439160327127351,7.0,0.07195801635636755,1,0,0,0.9294289998934868,17114
164,12441,Bailey Williams,Western Bulldogs,WR,17,1.4205184830280693,19.0,0.08355991076635702,1,0,0,0.6133604583569048,17219
165,12690,Tom Atkins,Geelong,RR,23,1.401220787324925,9.0,0.06092264292717065,1,0,0,0.5697008667925968,17101
166,12413,Callum Mills,Sydney,BPL,22,1.3991037965628832,13.0,0.06359562711649469,0,0,0,0.47424379656569493,17177
167,12061,Jack Crisp,Collingwood,WR,23,1.3990610381032913,10.0,0.06082874078709962,1,0,0,0.5535285108895762,17154
168,12777,Hayden Young,Fremantle,INT,14,1.3678470864194603,5.0,0.09770336331567574,1,0,0,0.5575545692329795,17167
169,12357,Karl Amon,Hawthorn,HBFL,18,1.3261214331955182,2.0,0.07367341295530656,1,0,0,0.5922813319894891,17115
170,13110,Darcy Wilson,St Kilda,WL,22,1.322394520989227,13.0,0.06010884186314668,0,0,0,0.3160355057180906,17076
171,12876,Beau McCreery,Collingwood,HFFR,22,1.3144307345862556,11.0,0.05974685157210253,1,0,0,0.9751605837713974,17252
172,12938,Charlie Comben,North Melbourne,BPR,22,1.2986448674979594,16.0,0.059029312158998155,1,0,0,0.8850906018527469,17070
173,12937,Brodie Kemp,Carlton,FPL,23,1.292647509331383,8.0,0.056202065623103606,1,1,0,1.0516873538622706,17235
174,12653,Harry Petty,Melbourne,CHB,19,1.2865875736385348,15.0,0.06771513545465972,1,0,0,0.5715099975356965,17260
175,12890,Jordon Sweet,Port Adelaide,RK,22,1.2850255923840057,17.0,0.05841025419927299,0,0,0,0.2800706508625015,17090
176,11905,Jack Darling,North Melbourne,INT,22,1.268847053688717,11.0,0.05767486607675987,1,0,0,0.975733323761114,17176
177,12177,Jarrod Witts,Gold Coast,RK,13,1.2605879609535116,8.0,0.09696830468873166,1,0,0,0.9129974764097907,17072
178,13197,Levi Ashcroft,Brisbane Lions,HFFR,23,1.2583742766423045,9.0,0.054711925071404544,1,0,0,0.6607866031237246,17251
179,12542,Luke Ryan,Fremantle,CHB,22,1.2366566531195118,7.0,0.0562116660508869,1,0,0,0.6693835085924144,17096
180,12537,Tim English,Western Bulldogs,RK,15,1.2322702669805365,10.0,0.08215135113203577,0,0,0,0.38199500744810483,17162
181,12689,Gryan Miers,Geelong,INT,15,1.216326547536192,9.0,0.08108843650241279,1,0,0,0.9392837576275278,17212
182,13049,Bailey Humphrey,Gold Coast,CHF,20,1.2088322722717457,10.0,0.06044161361358728,1,0,0,0.6075906867933629,17060
183,13240,Tom McCarthy,West Coast,INT,22,1.1628811108696064,6.0,0.05285823231225484,0,0,0,0.44062219314676154,17169
184,12967,Marcus Windhager,St Kilda,WL,23,1.1378309413366574,1.0,0.049470910492898146,0,0,0,0.2458982024461353,17071
185,12656,Brent Daniels,Greater Western Sydney,CHF,10,1.095388913396869,12.0,0.1095388913396869,0,0,0,0.4234139290996195,17156
186,12627,Tom McCartin,Sydney,FB,20,1.0467903724193948,23.0,0.052339518620969736,1,0,0,0.6022012954219805,17068
187,13122,Connor OSullivan,Geelong,FB,23,1.0396935940810592,20.0,0.04520406930787214,1,0,0,0.6398694546027277,17222
188,12087,Elliot Yeo,West Coast,C,21,1.0171477346925482,8.0,0.04843560641393087,0,0,0,0.22613651702534393,17079
189,12417,Marc Pittonet,Carlton,RK,20,1.0107289429682513,8.0,0.050536447148412565,0,0,0,0.48966045609098485,17247
190,12444,Sam Collins,Gold Coast,FB,21,1.0095590419102025,25.0,0.04807424009096203,0,0,0,0.4736236487343287,17152
191,13038,Reuben Ginbey,West Coast,FB,13,1.0057810881070075,18.0,0.07736777600823135,1,0,0,0.8447357870737677,17164
192,12899,Nick Bryan,Essendon,RK,13,0.9983935967593762,7.0,0.07679950744302894,1,0,0,0.9001589686276118,17220
193,12418,Jayden Short,Richmond,INT,21,0.9976470021168976,10.0,0.04750700010080465,1,0,0,0.5203175369554587,17064
194,13132,Daniel Curtin,Adelaide,R,16,0.9971514588630792,8.0,0.06232196617894245,1,0,0,0.7528647064566903,17165
195,13065,Lachlan McAndrew,Adelaide,RK,22,0.9872007305402084,25.0,0.04487276047910038,0,0,0,0.24353780780336404,17173
196,13195,Riley Bice,Sydney,INT,20,0.9731983598014815,5.0,0.048659917990074075,1,0,0,0.667234233832468,17068
197,11894,Ryan Lester,Brisbane Lions,BPR,19,0.9598499819443693,13.0,0.050518420102335225,1,0,0,0.7267127312219528,17132
198,12809,Mark Keane,Adelaide,BPL,9,0.9555870639427222,9.0,0.10617634043808025,1,0,0,0.8937754257026558,17182
199,12434,Ben Keays,Adelaide,INT,23,0.9489833316476263,2.0,0.04126014485424462,0,0,0,0.2370325411337052,17262
200,13294,Milan Murdock,West Coast,FPL,20,0.9416774437081576,8.0,0.04708387218540788,0,0,0,0.4904400360390143,17164
201,12714,James Rowbottom,Sydney,INT,21,0.9393485076316148,5.0,0.044730881315791185,1,0,0,0.5399782394276673,17226
202,12567,Will Setterfield,Essendon,R,11,0.9083813945860736,7.0,0.08258012678055214,0,0,0,0.33519671308792726,17175
203,12153,Mark Blicavs,Geelong,WR,18,0.867132036055512,5.0,0.048174002003084,1,0,0,0.5266898106898276,17250
204,13023,Ned Long,Collingwood,INT,21,0.8668814217909967,0.0,0.04128006770433318,0,0,0,0.17872772981887403,17122
205,12403,Daniel Rioli,Gold Coast,HBFR,20,0.8615736619788156,9.0,0.04307868309894078,1,0,0,0.6929528301326884,17136
206,13212,Matt Carroll,Carlton,WR,10,0.8604853182212417,7.0,0.08604853182212417,1,0,0,0.7777698960639461,17145
207,12558,Josh Battle,Hawthorn,FB,21,0.8575456093526308,12.0,0.040835505207268134,0,0,0,0.3143389323180147,17100
208,12619,James Worpel,Geelong,INT,11,0.8524931746075115,2.0,0.07749937950977377,0,0,0,0.22245318948692294,17101
209,12664,Kane Farrell,Port Adelaide,HBFR,13,0.8389714132211608,6.0,0.0645362625554739,1,0,0,0.6527314720306131,17090
210,12422,Darcy Byrne-Jones,Port Adelaide,HBFL,22,0.8100317560460734,16.0,0.036819625274821514,1,0,0,0.5027553215577167,17090
211,12597,Esava Ratugolea,Port Adelaide,FB,8,0.8089021036376881,10.0,0.10111276295471101,1,0,0,0.7306354651520188,17169
212,12485,Mabior Chol,Hawthorn,CHF,18,0.7969857470795452,2.0,0.04427698594886362,0,0,0,0.4131554115981645,17197
213,13066,Oisin Mullin,Geelong,R,23,0.791081067563015,22.0,0.034394829024478914,0,0,0,0.19790037072296612,17137
214,12367,Alex Neal-Bullen,Adelaide,FPL,21,0.7881085512842889,8.0,0.03752897863258518,0,0,0,0.41374511090902855,17069
215,12670,Conor Nash,Hawthorn,C,10,0.7867848340788636,6.0,0.07867848340788636,0,0,0,0.26877214829913,17065
216,12998,Massimo DAmbrosio,Hawthorn,WL,23,0.7827342361863668,6.0,0.03403192331245073,0,0,0,0.11157594710147624,17122
217,12824,Sam Flanders,St Kilda,RR,12,0.7768075798976521,2.0,0.06473396499147101,0,0,0,0.2683024582172873,17147
218,13182,Matthew Jefferson,Melbourne,INT,16,0.7621496854185761,3.0,0.047634355338661005,1,0,0,0.5168441905712072,17215
219,12912,Josh Worrell,Adelaide,BPL,22,0.7560698869441079,10.0,0.034366813042913995,0,0,0,0.1877924486023352,17069
220,12674,Tom De Koning,St Kilda,RK,20,0.7549851540119097,7.0,0.037749257700595486,0,0,0,0.262461037712886,17229
221,13279,Phoenix Gothard,Greater Western Sydney,HFFR,16,0.7490246792931561,6.0,0.046814042455822255,1,0,0,0.6433543971214198,17156
222,12996,Daniel Turner,Melbourne,FB,19,0.7384309002913515,12.0,0.03886478422586061,0,0,0,0.44948654780029107,17144
223,12521,Ben Long,Gold Coast,FPR,21,0.7296446648076789,5.0,0.0347449840384609,1,0,0,0.5156639742558469,17181
224,11751,Steele Sidebottom,Collingwood,INT,20,0.7277968469946969,4.0,0.036389842349734844,0,0,0,0.3073445402495751,17081
225,13019,Mac Andrew,Gold Coast,BPL,23,0.6952284186913342,19.0,0.03022732255179714,0,0,0,0.14823828798554656,17142
226,12578,Patrick Lipinski,Collingwood,WR,19,0.6832770874769464,3.0,0.03596195197247086,0,0,0,0.28944395255685684,17104
227,12750,Connor Idun,Greater Western Sydney,BPR,23,0.6750777504675602,15.0,0.029351206542067836,0,0,0,0.2502898014615199,17254
228,12700,Lachie Schultz,Collingwood,HFFR,21,0.6747840727146823,4.0,0.032132574891175346,0,0,0,0.28412713700756254,17190
229,13057,Josh Weddle,Hawthorn,BPL,20,0.6736228608320561,3.0,0.03368114304160281,0,0,0,0.1078126976150059,17065
230,12864,Harry Sharp,Melbourne,WL,23,0.6724381653253245,6.0,0.029236441970666282,0,0,0,0.296150788525108,17241
231,13278,Zeke Uwland,Gold Coast,INT,17,0.6700284358088365,4.0,0.039413437400519793,1,0,0,0.5186201390072269,17199
232,12933,Joel Jeffrey,Gold Coast,INT,22,0.665413760097152,0.0,0.030246080004416,0,0,0,0.16528194109863062,17075
233,13101,Harvey Thomas,Greater Western Sydney,WR,22,0.6455155383652871,7.0,0.029341615380240323,0,0,0,0.3557951546872331,17163
234,12952,Jake Soligo,Adelaide,INT,20,0.6402265084684925,0.0,0.03201132542342462,0,0,0,0.10929145023349368,17143
235,12509,Will Hayward,Carlton,INT,21,0.6154984028490224,5.0,0.02930944775471535,0,0,0,0.18234479894997827,17132
236,13100,Seth Campbell,Richmond,HFFL,23,0.6117179518641457,11.0,0.026596432689745465,0,0,0,0.22343907166130358,17126
237,13123,Koltyn Tholstrup,Melbourne,WL,23,0.6038613886352701,7.0,0.026254842984142178,0,0,0,0.10830727227471561,17253
238,13146,Edward Allan,Collingwood,INT,18,0.5988432904862995,1.0,0.0332690716936833,0,0,0,0.14482084013311625,17252
239,12778,Trent Rivers,Melbourne,INT,16,0.5922883105907115,0.0,0.03701801941191947,0,0,0,0.18608010759876698,17237
240,12083,Jamie Elliott,Collingwood,FF,11,0.5888330257958035,4.0,0.05353027507234578,0,0,0,0.3512809861489008,17104
241,12861,Logan McDonald,Sydney,INT,21,0.5859083563845996,1.0,0.02790039792307617,0,0,0,0.23587529845808183,17232
242,12352,Alex Pearce,Fremantle,FB,20,0.5831283693067594,16.0,0.02915641846533797,0,0,0,0.2698683241262114,17096
243,13054,Aaron Cadman,Greater Western Sydney,FF,18,0.5797436347693977,4.0,0.032207979709410986,0,0,0,0.4102939027287451,17102
244,12536,Harry Perryman,Collingwood,HBFR,16,0.5774691737675027,3.0,0.03609182336046892,0,0,0,0.3247389905694973,17104
245,12891,Sam De Koning,Geelong,INT,19,0.5772516099389627,6.0,0.03038166368099804,0,0,0,0.1607559683770418,17080
246,12810,Sam Draper,Brisbane Lions,RK,22,0.5732493311234537,8.0,0.026056787778338805,0,0,0,0.20801897740065475,17097
247,12695,Willem Drew,Port Adelaide,R,22,0.5583331127104553,0.0,0.02537877785047524,0,0,0,0.14861524736442355,17078
248,12351,Jake Lever,Melbourne,FB,22,0.5569920613319865,7.0,0.02531782096963575,0,0,0,0.12231619701820842,17086
249,12676,Billy Frampton,Collingwood,BPL,23,0.5470783202834477,5.0,0.02378601392536729,0,0,0,0.06532208652062262,17204
250,12910,Callum Brown,Greater Western Sydney,INT,18,0.5453272519514876,3.0,0.03029595844174931,0,0,0,0.2525296830666306,17254
251,12904,Kieren Briggs,Greater Western Sydney,RK,18,0.533729732128644,2.0,0.029651651784924668,0,0,0,0.31087910647014216,17206
252,13313,Patrick Retschko,Richmond,WL,18,0.5295416808200745,6.0,0.029418982267781914,0,0,0,0.39666581413458263,17150
253,12394,Oscar McDonald,Fremantle,BPL,10,0.5287584480875813,8.0,0.052875844808758135,0,0,0,0.4589691461038892,17231
254,13292,Willem Duursma,West Coast,WL,22,0.5215735993140836,0.0,0.023707890877912894,0,0,0,0.3226462774302761,17164
255,12276,Blake Acres,Carlton,WR,10,0.5051510580267136,3.0,0.05051510580267136,0,0,0,0.3321286991668,17255
256,12592,Cam Rayner,Brisbane Lions,FF,23,0.500533913145269,6.0,0.021762344049794304,0,0,0,0.1491969400062997,17125
257,12994,Matt Roberts,Sydney,WR,19,0.4885749065952622,0.0,0.025714468768171694,0,0,0,0.14503876177072333,17113
258,12544,Brennan Cox,Fremantle,BPL,18,0.48363828522148006,4.0,0.026868793623415557,0,0,0,0.2485497460890448,17151
259,13021,Sam Darcy,Western Bulldogs,CHF,6,0.4723538695480875,3.0,0.07872564492468125,0,0,0,0.3018817293035493,17093
260,13022,Jai Serong,Sydney,WL,22,0.4696466083308673,10.0,0.021347573105948512,0,0,0,0.1440353448910217,17264
261,12932,Brayden Cook,Adelaide,WR,22,0.4680626592512776,6.0,0.02127557542051262,0,0,0,0.09776907414562992,17124
262,12557,Cameron Zurhaar,North Melbourne,FPL,23,0.4656897825772235,5.0,0.02024738185118363,0,0,0,0.14397532377947783,17110
263,13117,Kane McAuliffe,Richmond,INT,10,0.46218651994495913,4.0,0.046218651994495916,0,0,0,0.44552652709389934,17126
264,13121,Ethan Read,Gold Coast,FPL,15,0.46033054984409294,2.0,0.03068870332293953,0,0,0,0.2906356019826369,17075
265,13064,George Wardlaw,North Melbourne,INT,16,0.4565060568130523,5.0,0.028531628550815768,0,0,0,0.1250559218359054,17239
266,12383,Tom Barrass,Hawthorn,FB,19,0.4557821842448009,15.0,0.023988536012884257,0,0,0,0.16735935256003195,17073
267,13050,Ned Moyle,Gold Coast,RK,16,0.4505397183421083,10.0,0.02815873239638177,0,0,0,0.10178351621152892,17142
268,12906,Ned Reeves,Hawthorn,RK,15,0.44944638489365285,0.0,0.029963092326243522,0,0,0,0.07817718332850691,17065
269,13287,Tom Blamires,North Melbourne,INT,17,0.44758559713053475,1.0,0.02632856453709028,0,0,0,0.24073009927636574,17176
270,11967,Jeremy Howe,Collingwood,FB,17,0.4474163798620304,11.0,0.026318610580119438,0,0,0,0.23560812949974233,17184
271,13339,Marcus Herbert,West Coast,HBFL,10,0.44529199659067237,4.0,0.04452919965906724,0,0,0,0.28712270153689684,17236
272,12960,Nathan ODriscoll,Fremantle,INT,16,0.4384843084619235,1.0,0.027405269278870218,0,0,0,0.14270524113509211,17151
273,13307,Sullivan Robey,Essendon,HFFR,15,0.4350250274230495,2.0,0.029001668494869966,0,0,0,0.17497629453622335,17164
274,12371,Brayden Maynard,Collingwood,BPR,17,0.43389454457074283,5.0,0.025523208504161343,0,0,0,0.09527104145339318,17063
275,13285,Mitchell Edwards,Geelong,RK,18,0.43312431651764133,0.0,0.02406246202875785,0,0,0,0.07975248598456189,17222
276,12889,Zach Reid,Essendon,FB,23,0.4320319966129992,7.0,0.018783999852739094,0,0,0,0.2572625460412216,17171
277,12863,Braeden Campbell,Sydney,HFFR,6,0.43151371008378536,4.0,0.0719189516806309,0,0,0,0.3676643004086199,17264
278,12603,Adam Cerra,Carlton,WL,20,0.42773549437357095,2.0,0.021386774718678548,0,0,0,0.09617619837015443,17200
279,13190,Sam Lalor,Richmond,R,12,0.4196427695869142,1.0,0.03497023079890952,0,0,0,0.2982360190396273,17236
280,13283,Dyson Sharp,Essendon,HFFL,15,0.41686580168350923,1.0,0.02779105344556728,0,0,0,0.18588369143470843,17220
281,12458,Jack Silvagni,St Kilda,BPL,23,0.4166922973832955,3.0,0.01811705640796937,0,0,0,0.058810934231126905,17103
282,12377,Jayden Laverde,Greater Western Sydney,BPL,19,0.4161978322078144,1.0,0.02190514906356918,0,0,0,0.16440892776686664,17102
283,12652,Wil Powell,Gold Coast,CHB,20,0.41527046789294725,2.0,0.020763523394647362,0,0,0,0.06255930089486152,17060
284,13036,Mattaes Phillipou,St Kilda,INT,21,0.4139489236144018,0.0,0.019711853505447702,0,0,0,0.10770956137165046,17229
285,13340,Sam Swadling,Collingwood,INT,8,0.40911308532535073,2.0,0.05113913566566884,0,0,0,0.17865829146868084,17252
286,13297,Talor Byrne,Carlton,INT,18,0.4021720503741256,8.0,0.022342891687451422,0,0,0,0.22634632937472315,17224
287,12951,Angus Sheldrick,Sydney,INT,18,0.39804643060898737,0.0,0.022113690589388186,0,0,0,0.09276667021159246,17068
288,12875,Heath Chapman,Fremantle,BPR,22,0.38630954637464626,1.0,0.017559524835211195,0,0,0,0.12004985569917921,17112
289,12391,Conor McKenna,Brisbane Lions,INT,17,0.37942257395443246,9.0,0.022318974938496026,0,0,0,0.16868641318797548,17258
290,12916,Lachlan Bramble,Western Bulldogs,INT,23,0.37722433576565284,6.0,0.016401058076767516,0,0,0,0.1280201842035904,17227
291,12740,Isaac Quaynor,Collingwood,HBFL,20,0.3709930686550794,6.0,0.01854965343275397,0,0,0,0.06070090315027587,17221
292,12091,Nick Haynes,Carlton,BPR,18,0.35907878466831267,2.0,0.019948821370461816,0,0,0,0.08644100336475748,17255
293,12236,Jack Martin,Geelong,FPR,18,0.3513451670939938,3.0,0.019519175949666324,0,0,0,0.11199451370143527,17080
294,13061,James ODonnell,Western Bulldogs,CHB,19,0.3501118906848208,6.0,0.018426941614990568,0,0,0,0.07623988734836684,17227
295,13276,Michael Sellwood,Western Bulldogs,BPL,23,0.34495301818956864,8.0,0.014997957312589941,0,0,0,0.049192727501957446,17227
296,13027,Max Michalanney,Adelaide,BPR,23,0.34487838256076275,0.0,0.014994712285250554,0,0,0,0.057419284433508834,17182
297,12672,Sam Switkowski,Fremantle,HFFR,22,0.3426456916664773,5.0,0.015574804166658058,0,0,0,0.07318692955655116,17167
298,12551,Zach Guthrie,Geelong,CHB,23,0.33672281092125034,0.0,0.014640122213967406,0,0,0,0.04677025092816485,17137
299,12772,Toby Bedford,Greater Western Sydney,FPL,17,0.3351680036584837,4.0,0.019715764921087276,0,0,0,0.18537127936490685,17163
300,13046,Arthur Jones,Western Bulldogs,HFFR,18,0.3329782615619912,4.0,0.01849879230899951,0,0,0,0.10475292352858698,17093
301,13247,Jobe Shanahan,West Coast,CHF,23,0.32728365523567154,5.0,0.014229724140681372,0,0,0,0.15224419285155072,17176
302,13306,Angus Anderson,Collingwood,INT,16,0.327091305390599,0.0,0.020443206586912437,0,0,0,0.050973182794190566,17204
303,12531,Mark OConnor,Geelong,INT,20,0.32491888433371197,2.0,0.0162459442166856,0,0,0,0.08892064956148157,17101
304,12966,Neil Erasmus,Fremantle,INT,23,0.32422389276189645,0.0,0.014096690989647671,0,0,0,0.06516957898068307,17214
305,13086,James Borlase,Adelaide,FB,17,0.3150371865376631,4.0,0.01853159920809783,0,0,0,0.06633870594134067,17182
306,12900,Buku Khamis,Western Bulldogs,FB,23,0.31410574200000596,3.0,0.013656771391304607,0,0,0,0.038858390586758884,17231
307,11948,Tom Lynch,Richmond,FF,15,0.3097960280646504,3.0,0.02065306853764336,0,0,0,0.24551210719648972,17236
308,12644,Sam Taylor,Greater Western Sydney,FB,12,0.30956280828393434,7.0,0.025796900690327862,0,0,0,0.22718060391978273,17206
309,13028,Lachlan Cowan,Carlton,HBFL,22,0.3071451837416532,2.0,0.013961144715529693,0,0,0,0.05107798069580932,17145
310,12508,Nic Newman,Carlton,HBFL,16,0.30587182763173865,2.0,0.019116989226983665,0,0,0,0.07722905140892014,17183
311,13087,Elijah Tsatas,Essendon,INT,6,0.3030672247668791,0.0,0.05051120412781318,0,0,0,0.1557707395336978,17171
312,13232,Leo Lombard,Gold Coast,INT,23,0.2972970084206818,1.0,0.01292595688785573,0,0,0,0.04577023548357678,17199
313,13035,Anthony Caminiti,St Kilda,BPR,18,0.29714025605839667,0.0,0.01650779200324426,0,0,0,0.049913368984352356,17147
314,12834,Jake Riccardi,Greater Western Sydney,FPR,9,0.2949937727292854,0.0,0.032777085858809486,0,0,0,0.20813960026521763,17061
315,13164,Joe Fonti,Greater Western Sydney,HBFR,22,0.2908837378712016,2.0,0.013221988085054618,0,0,0,0.09017041920560129,17061
316,12721,Liam Stocker,St Kilda,INT,18,0.28509004066527954,0.0,0.01583833559251553,0,0,0,0.05408975932124309,17229
317,13259,Jack Whitlock,Port Adelaide,FF,23,0.2844983647953683,1.0,0.01236949412153775,0,0,0,0.08729974566477645,17202
318,12829,Jordon Butts,Adelaide,CHB,9,0.28330158861916677,4.0,0.03147795429101853,0,0,0,0.14627319995267973,17074
319,12607,Jack Henry,Geelong,FB,19,0.2808348304155625,1.0,0.014780780548187501,0,0,0,0.05130662063938645,17212
320,12661,Liam Baker,West Coast,HBFR,20,0.2808103136415589,1.0,0.014040515682077944,0,0,0,0.17616089549115152,17164
321,13213,Cooper Hynes,Western Bulldogs,WR,21,0.28063531249330587,0.0,0.013363586309205042,0,0,0,0.08744667322219409,17231
322,12579,Harry Morrison,Hawthorn,WL,13,0.27955529119929357,7.0,0.021504253169176427,0,0,0,0.09286427971751973,17225
323,13159,Zac Taylor,Adelaide,INT,21,0.27953180052549936,0.0,0.013311038120261874,0,0,0,0.03501120292885925,17182
324,13299,Jacob Farrow,Essendon,HBFR,21,0.275655831861843,0.0,0.013126468183897285,0,0,0,0.13774583734904922,17220
325,13062,Jhye Clark,Geelong,INT,9,0.2712526177687399,0.0,0.030139179752082208,0,0,0,0.13611855333755618,17212
326,13236,Nick Madden,Greater Western Sydney,RK,9,0.26728956478694643,0.0,0.029698840531882938,0,0,0,0.21869726206732176,17102
327,12752,Changkuoth Jiath,Melbourne,INT,15,0.2644614020531709,2.0,0.017630760136878063,0,0,0,0.058960278760228274,17138
328,12282,Rory Lobb,Western Bulldogs,BPR,20,0.26084849892165085,3.0,0.013042424946082543,0,0,0,0.04975226628786989,17157
329,12374,Toby Nankervis,Richmond,RK,12,0.2605012727981432,0.0,0.021708439399845268,0,0,0,0.12676810818914624,17236
330,13098,Blake Howes,Melbourne,INT,20,0.2585632209717218,1.0,0.01292816104858609,0,0,0,0.04928013668695917,17144
331,12745,Hayden McLean,Sydney,INT,10,0.2583703878273639,0.0,0.02583703878273639,0,0,0,0.18406293329156093,17195
332,12866,Tom Powell,North Melbourne,C,8,0.2558858289789852,0.0,0.03198572862237315,0,0,0,0.08764883990186355,17088
333,12872,Nick Murray,Adelaide,CHB,11,0.2548635801759056,0.0,0.023169416379627782,0,0,0,0.04726089936925091,17182
334,13081,Luke Nankervis,Adelaide,INT,16,0.2536210081487737,0.0,0.015851313009298356,0,0,0,0.0809299285236525,17182
335,13032,Bailey Laurie,Melbourne,INT,16,0.2503314484303355,2.0,0.01564571552689597,0,0,0,0.07688971314899981,17253
336,12404,Mitch McGovern,Carlton,CHB,23,0.24692154207915695,0.0,0.01073571922083291,0,0,0,0.04607958395038936,17104
337,12312,Mason Wood,St Kilda,FPL,20,0.24452860204575882,0.0,0.012226430102287942,0,0,0,0.048448017605602106,17229
338,12440,Jacob Hopper,Richmond,INT,12,0.24314307927159726,0.0,0.020261923272633105,0,0,0,0.06626572072628728,17102
339,13273,Harry Dean,Carlton,BPL,20,0.24282076675724387,0.0,0.012141038337862193,0,0,0,0.03912684156095028,17247
340,13016,Elijah Hollands,Carlton,CHF,6,0.24239497714669067,3.0,0.04039916285778178,0,0,0,0.1270936279664915,17086
341,12629,Isaac Cumming,Adelaide,WL,16,0.2418262367667497,0.0,0.015114139797921856,0,0,0,0.0513212162916057,17069
342,13033,Judd McVee,Fremantle,INT,21,0.24151131488738858,0.0,0.011500538804161362,0,0,0,0.03957281796335377,17231
343,13248,Roan Steele,Collingwood,INT,18,0.24136599735425684,1.0,0.01340922207523649,0,0,0,0.04836960002576933,17252
344,12802,Ryan Byrnes,St Kilda,HBFR,15,0.2375653088353884,0.0,0.01583768725569256,0,0,0,0.053110968499711184,17229
345,13177,Isaac Kako,Essendon,FPL,15,0.2354563032800923,7.0,0.015697086885339485,0,0,0,0.13651102647138139,17098
346,12622,Charlie Spargo,North Melbourne,INT,19,0.23488959826650782,0.0,0.01236261043507936,0,0,0,0.05757011283321674,17204
347,12272,Christian Salem,Melbourne,INT,9,0.23337775623405946,0.0,0.025930861803784386,0,0,0,0.13793180549596867,17071
348,12246,Luke McDonald,North Melbourne,BPL,18,0.2333751375833974,0.0,0.012965285421299856,0,0,0,0.05136364160448938,17204
349,13188,Joe Berry,Port Adelaide,INT,23,0.23175557657353144,0.0,0.010076329416240497,0,0,0,0.08739492506560123,17142
350,13265,Jordan Croft,Western Bulldogs,INT,17,0.2316186924477446,0.0,0.013624628967514388,0,0,0,0.03802864205868822,17166
351,13204,Isaiah Dudley,Fremantle,INT,23,0.2290577288231708,3.0,0.009959031687963948,0,0,0,0.03990631001406153,17231
352,12860,James Jordon,Sydney,HFFL,22,0.22739799295080398,3.0,0.010336272406854726,0,0,0,0.04704573921746191,17106
353,13043,Tylar Young,West Coast,CHB,23,0.22310152110757833,0.0,0.0097000661351121,0,0,0,0.07448072374419182,17164
354,12511,Griffin Logue,North Melbourne,FB,16,0.22195530389421086,0.0,0.013872206493388179,0,0,0,0.04427478456636236,17229
355,12976,Jack Carroll,St Kilda,INT,12,0.22054781721171268,0.0,0.018378984767642725,0,0,0,0.07814006347561098,17147
356,12874,Jaxon Prior,Essendon,BPL,22,0.21696096768650658,0.0,0.00986186216756848,0,0,0,0.04224928040150945,17065
357,12769,Connor Budarick,Western Bulldogs,HBFL,14,0.21641727390418045,1.0,0.01545837670744146,0,0,0,0.07349665480764779,17062
358,12818,Sam Wicks,Sydney,HBFR,18,0.21619309522995267,0.0,0.012010727512775148,0,0,0,0.032821865105738694,17264
359,13222,Josaia Delana,Greater Western Sydney,HFFL,9,0.21515478167620508,2.0,0.023906086852911675,0,0,0,0.17872238208003746,17245
360,13286,Latrelle Pickett,Melbourne,INT,16,0.21408144886931896,0.0,0.013380090554332435,0,0,0,0.05125104363127235,17144
361,13106,Zane Duursma,North Melbourne,INT,15,0.21325499113775476,0.0,0.01421699940918365,0,0,0,0.09108760741852093,17084
362,12437,Mason Redman,Essendon,CHB,16,0.2114915302294278,0.0,0.013218220639339237,0,0,0,0.07864838138142145,17220
363,13217,Oliver Wiltshire,Geelong,HFFR,14,0.20880353422560163,0.0,0.014914538158971546,0,0,0,0.0657043594998841,17174
364,13114,Jed Walter,Gold Coast,FF,18,0.2077897560502253,0.0,0.011543875336123628,0,0,0,0.05081790098593129,17142
365,12806,Brad Close,Geelong,HFFR,16,0.20768690107842824,0.0,0.012980431317401765,0,0,0,0.04459824255332798,17094
366,13280,Toby Murray,Adelaide,INT,13,0.20721852579041283,0.0,0.015939886599262525,0,0,0,0.07293397829851603,17143
367,12462,Harry Himmelberg,Greater Western Sydney,HBFL,23,0.20656669207529638,1.0,0.008981160525012886,0,0,0,0.0772503063373344,17206
368,12559,Lewis Young,Carlton,INT,12,0.20543778484446087,0.0,0.017119815403705073,0,0,0,0.040725350844512426,17247
369,12755,Jye Caldwell,Essendon,C,17,0.20242207702792736,0.0,0.011907181001642786,0,0,0,0.0587760503888054,17084
370,13300,Paddy Cross,Melbourne,INT,11,0.19621866055129258,0.0,0.017838060050117507,0,0,0,0.06089952390318669,17138
371,13303,Wade Derksen,Carlton,FB,14,0.19565723359283912,1.0,0.013975516685202794,0,0,0,0.046832241556574034,17247
372,13194,Liam OConnell,St Kilda,WR,13,0.19541718279956394,0.0,0.015032090984581841,0,0,0,0.04573351727371022,17229
373,12748,Rhylee West,Western Bulldogs,FPR,22,0.19398810642819858,0.0,0.008817641201281754,0,0,0,0.032078966424011646,17231
374,11820,Jake Melksham,Melbourne,FPL,6,0.19222880121191888,2.0,0.03203813353531981,0,0,0,0.14389116632903975,17092
375,12453,Corey Wagner,Fremantle,INT,13,0.18683957901235324,0.0,0.014372275308642556,0,0,0,0.04228935941589404,17096
376,12349,Kyle Langford,Essendon,FF,19,0.1854261472034776,0.0,0.00975927090544619,0,0,0,0.04030149689558345,17065
377,12565,Jack Scrimshaw,Hawthorn,INT,6,0.18463454779893057,1.0,0.030772424633155094,0,0,0,0.05453570819329623,17065
378,12428,Mason Cox,Fremantle,INT,16,0.18375424774393515,0.0,0.011484640483995947,0,0,0,0.039363086848646485,17151
379,12268,Jake Lloyd,Sydney,HFFR,23,0.18315867067050076,1.0,0.007963420463934816,0,0,0,0.0700752337920778,17242
380,12608,Nick Coffield,Western Bulldogs,BPL,13,0.18221954565235482,0.0,0.014016888127104218,0,0,0,0.032665284825165564,17231
381,13072,Jaspa Fletcher,Brisbane Lions,INT,23,0.18059913447030623,2.0,0.007852136281317663,0,0,0,0.030624768112562567,17111
382,12696,Xavier Duursma,Essendon,WL,18,0.1805007016346043,0.0,0.010027816757478016,0,0,0,0.04839033702902938,17065
383,12181,Aidan Corr,North Melbourne,BPL,16,0.17990100405392329,3.0,0.011243812753370205,0,0,0,0.038012412286072716,17229
384,12921,Luke Pedlar,Adelaide,INT,10,0.17955953451810797,0.0,0.017955953451810797,0,0,0,0.03317638039919056,17143
385,13342,Liam Puncher,Collingwood,FB,8,0.17861710269826978,0.0,0.022327137837283722,0,0,0,0.059790512277025296,17204
386,12009,Tom McDonald,Melbourne,CHB,10,0.17678606115805212,0.0,0.017678606115805212,0,0,0,0.03880164803656881,17253
387,13029,Oliver Hollands,Carlton,WL,12,0.17633560201221843,1.0,0.014694633501018203,0,0,0,0.05130699240001896,17088
388,12580,Ben McKay,Essendon,FB,15,0.17628088444892462,0.0,0.011752058963261642,0,0,0,0.04707550830775227,17065
389,13071,Jack Buller,Collingwood,FPL,10,0.175086283449583,0.0,0.0175086283449583,0,0,0,0.0578867929794097,17204
390,13220,Hugh Boxshall,St Kilda,WR,10,0.17445179075844658,0.0,0.01744517907584466,0,0,0,0.07490191479778369,17229
391,13256,Zac Banch,North Melbourne,INT,8,0.17055588383140963,0.0,0.021319485478926203,0,0,0,0.050136682448383055,17204
392,12385,Lachie Weller,Gold Coast,WL,11,0.16981723925897194,0.0,0.015437930841724722,0,0,0,0.04193633257671285,17136
393,12957,Brady Hough,West Coast,BPR,23,0.16925880762478726,2.0,0.007359078592382055,0,0,0,0.05142183679808128,17138
394,13365,Billy Wilson,Carlton,HBFR,15,0.16738812571584938,0.0,0.011159208381056626,0,0,0,0.043863762637737495,17171
395,13251,Oscar Adams,Gold Coast,BPL,13,0.16628760971663267,0.0,0.012791354593587129,0,0,0,0.043329024193682494,17136
396,11917,Dion Prestia,Richmond,CHF,17,0.1659918641354209,0.0,0.009764227302083582,0,0,0,0.08279087219850195,17114
397,12936,Corey Durdin,Port Adelaide,FPL,23,0.1639978072081672,0.0,0.007130339443833357,0,0,0,0.030894036016713963,17253
398,13237,Lachlan Blakiston,Essendon,RK,17,0.16109980257963247,0.0,0.009476458975272498,0,0,0,0.04956564395320624,17065
399,13298,Oscar Steene,Collingwood,INT,8,0.15944113193472603,0.0,0.019930141491840754,0,0,0,0.044106292780233744,17137
400,12843,Finn Maginness,Hawthorn,INT,6,0.15840038154390332,0.0,0.026400063590650554,0,0,0,0.07047397195668675,17115
401,13000,Rhett Bazzo,West Coast,FB,14,0.15790524068941203,0.0,0.011278945763529431,0,0,0,0.033723040697267906,17169
402,12882,Lachie Jones,Port Adelaide,HBFR,20,0.15655854966986488,0.0,0.007827927483493244,0,0,0,0.0335114288577094,17253
403,12831,Liam Henry,St Kilda,INT,8,0.155780004621553,0.0,0.019472500577694125,0,0,0,0.04071317622038176,17128
404,13001,Ryan Angwin,Greater Western Sydney,WL,20,0.15555137309715392,1.0,0.007777568654857696,0,0,0,0.05947615862726452,17076
405,13138,Bruce Reville,Brisbane Lions,INT,18,0.15521652653802653,1.0,0.008623140363223696,0,0,0,0.066142417629538,17132
406,12402,Jacob Weitering,Carlton,FB,12,0.1528339857561503,1.0,0.012736165479679191,0,0,0,0.03451426131763624,17104
407,12655,Oscar Allen,Brisbane Lions,CHF,11,0.15191572566085698,0.0,0.013810520514623363,0,0,0,0.08169054752211097,17097
408,12499,Jack Bowes,Geelong,INT,9,0.14929183789639944,0.0,0.016587981988488827,0,0,0,0.05096304815809782,17094
409,12867,Miles Bergman,Port Adelaide,BPR,16,0.14891849239787985,1.0,0.00930740577486749,0,0,0,0.052506976468850136,17263
410,13275,Lachie Jaques,Western Bulldogs,INT,10,0.1463911248468425,1.0,0.01463911248468425,0,0,0,0.07472088242064784,17066
411,12821,Xavier OHalloran,Greater Western Sydney,INT,14,0.1459207853781084,0.0,0.010422913241293458,0,0,0,0.04272116684144482,17206
412,12923,Jamarra Ugle-Hagan,Gold Coast,FPL,3,0.14586115052533608,0.0,0.04862038350844536,0,0,0,0.09111862599928916,17130
413,12370,Jake Kolodjashnij,Geelong,HBFL,11,0.1433836189808731,0.0,0.013034874452806645,0,0,0,0.04745897371027623,17137
414,13120,Will Graham,Gold Coast,HFFR,12,0.14245678335906603,0.0,0.011871398613255502,0,0,0,0.04372214293501252,17136
415,12879,Archie Perkins,Essendon,INT,16,0.14189591718841632,0.0,0.00886849482427602,0,0,0,0.04447232269107314,17065
416,13165,Hugh Bond,Adelaide,BPR,7,0.14106454112956596,0.0,0.02015207730422371,0,0,0,0.0340464169037454,17089
417,13156,Logan Evans,Port Adelaide,BPL,19,0.13810719242874986,0.0,0.00726879960151315,0,0,0,0.03674108443345507,17169
418,12942,Alex Davies,Gold Coast,INT,6,0.13564656389736263,0.0,0.022607760649560438,0,0,0,0.04583734701756502,17060
419,12730,Callum Coleman-Jones,North Melbourne,RK,5,0.13472957957346512,0.0,0.026945915914693024,0,0,0,0.06843543426963329,17110
420,12639,Brody Mihocek,Melbourne,FF,10,0.1342701456091021,0.0,0.013427014560910212,0,0,0,0.03784988724627819,17071
421,13254,Max Heath,Melbourne,INT,7,0.13422294247761055,0.0,0.019174706068230078,0,0,0,0.04279164821276492,17144
422,12575,Todd Marshall,Port Adelaide,CHF,15,0.1341629582853577,0.0,0.008944197219023847,0,0,0,0.030336594495854394,17169
423,12838,Keidean Coleman,Brisbane Lions,INT,13,0.13394885062782824,0.0,0.010303757740602172,0,0,0,0.023636568168528244,17111
424,13073,Dante Visentini,Port Adelaide,HFFR,15,0.13394047684540056,0.0,0.008929365123026703,0,0,0,0.03816641097464128,17253
425,12697,Connor Rozee,Port Adelaide,C,2,0.13312884543407832,0.0,0.06656442271703916,0,0,0,0.10018835718022046,17078
426,13178,Sam Davidson,Western Bulldogs,INT,16,0.13196990258595317,0.0,0.008248118911622073,0,0,0,0.03015897454369973,17231
427,13235,Ty Gallop,Brisbane Lions,CHB,18,0.1318755465202899,1.0,0.007326419251127217,0,0,0,0.02879374442466706,17161
428,13045,Harry Rowston,Greater Western Sydney,INT,12,0.13023472258611918,0.0,0.010852893548843265,0,0,0,0.04912644511493272,17254
429,13328,Hugo Hall-Kahan,Adelaide,INT,11,0.12974652879242324,0.0,0.011795138981129384,0,0,0,0.05488426167457331,17182
430,13219,Finnbar Maley,Adelaide,INT,6,0.12932401842049582,0.0,0.021554003070082636,0,0,0,0.028332716950215393,17095
431,13301,Josh Lai,Port Adelaide,BPL,19,0.12855739087435816,2.0,0.0067661784670714825,0,0,0,0.03792382274108179,17253
432,13221,Bo Allan,West Coast,WR,19,0.1260270209531149,0.0,0.006633001102795522,0,0,0,0.03866732758619246,17164
433,12724,Darcy Fort,Brisbane Lions,INT,22,0.12532434327727324,0.0,0.005696561058057875,0,0,0,0.026075441155239965,17161
434,13077,Cooper Harvey,North Melbourne,INT,7,0.12414486959034228,0.0,0.017734981370048898,0,0,0,0.054482539161151936,17204
435,12420,Dougal Howard,St Kilda,FPR,7,0.12379359962500516,0.0,0.017684799946429307,0,0,0,0.03905844958288977,17136
436,13179,Josh Dolan,Western Bulldogs,INT,11,0.1237763959227774,0.0,0.0112523996293434,0,0,0,0.028395384304881532,17231
437,13238,Archie May,Essendon,FPL,10,0.12349828256652812,0.0,0.012349828256652812,0,0,0,0.040729780903722465,17065
438,13317,Billy Cootee,Sydney,INT,9,0.1233887136570858,0.0,0.013709857073009533,0,0,0,0.093341709368534,17264
439,13014,Tyler Sonsie,Richmond,INT,15,0.1231651743397427,0.0,0.008211011622649513,0,0,0,0.03409392963407971,17147
440,13284,Will Lewis,Western Bulldogs,CHF,12,0.12285502546848981,0.0,0.010237918789040817,0,0,0,0.039137977457357524,17162
441,12334,Liam Duggan,West Coast,BPL,22,0.12227009450795184,0.0,0.005557731568543265,0,0,0,0.03022510722402107,17164
442,12526,Lewis Melican,Sydney,BPL,10,0.12167518850062059,0.0,0.01216751885006206,0,0,0,0.028051807991493753,17153
443,12991,Jacob Wehr,Port Adelaide,INT,17,0.12162670038763572,0.0,0.007154511787507984,0,0,0,0.029008646854452053,17124
444,13272,Lachlan Gulbin,Gold Coast,INT,11,0.1204657906627922,0.0,0.01095143551479929,0,0,0,0.03888039415740231,17136
445,13282,Max Kondogiannis,Essendon,INT,12,0.11961622635933393,0.0,0.009968018863277828,0,0,0,0.04384693567865332,17065
446,13216,Jedd Busslinger,Western Bulldogs,CHB,8,0.1169053324861538,0.0,0.014613166560769225,0,0,0,0.03073830839934987,17227
447,13210,Hamish Davis,West Coast,INT,21,0.11638667040748238,0.0,0.005542222400356304,0,0,0,0.02580517594551723,17138
448,12456,Nathan Broad,Richmond,BPL,21,0.1152082928625528,0.0,0.005486109183931086,0,0,0,0.03848791928485044,17147
449,12446,Tom Cole,West Coast,INT,17,0.11360571736887626,0.0,0.006682689256992721,0,0,0,0.03794136610085028,17138
450,12988,Sam Butler,Hawthorn,INT,8,0.11343569897421528,0.0,0.01417946237177691,0,0,0,0.04678880740121141,17094
451,12902,Hugo Ralphsmith,Richmond,WL,13,0.11272456355876215,0.0,0.008671120273750934,0,0,0,0.07435824237161286,17236
452,13223,Archer Day-Wicks,Essendon,WR,21,0.1126576720154834,0.0,0.005364651048356353,0,0,0,0.02600165236972434,17171
453,13257,Ben Jepson,Gold Coast,INT,5,0.1115127108127699,0.0,0.02230254216255398,0,0,0,0.043474562381975196,17199
454,13269,Ewan Mackinlay,Port Adelaide,WL,14,0.11052817715036543,0.0,0.007894869796454674,0,0,0,0.026710116775225126,17169
455,13191,Luke Trainor,Richmond,BPR,11,0.1103406043626039,0.0,0.01003096403296399,0,0,0,0.036664545400463024,17147
456,13296,Chris Scerri,Fremantle,INT,9,0.10955988671627498,0.0,0.012173320746252776,0,0,0,0.03299228679278809,17089
457,13308,Louis Emmett,Western Bulldogs,INT,7,0.1094879218439811,0.0,0.0156411316919973,0,0,0,0.0333795440452761,17231
458,13130,Riley Hardeman,North Melbourne,INT,7,0.10948470816776393,0.0,0.015640672595394846,0,0,0,0.05762556727407307,17204
459,12175,Zac Williams,Carlton,HFFR,9,0.10823137111380672,0.0,0.01202570790153408,0,0,0,0.04994655818125833,17104
460,12774,Deven Robertson,West Coast,INT,4,0.10771679756748913,0.0,0.026929199391872282,0,0,0,0.06312829199817732,17085
461,12372,Darcy Moore,Collingwood,BPR,4,0.10704693003197423,0.0,0.026761732507993557,0,0,0,0.03849138197249073,17122
462,13228,Will Hayes,Collingwood,INT,9,0.10693902699693542,0.0,0.011882114110770602,0,0,0,0.032034240326314606,17252
463,12576,Jack Graham,West Coast,INT,13,0.10589197842841194,1.0,0.008145536802185533,0,0,0,0.024695942257634537,17079
464,12473,Reilly OBrien,Adelaide,INT,2,0.10554288369631251,0.0,0.052771441848156256,0,0,0,0.07409244177639582,17244
465,13290,Sam Grlj,Richmond,INT,21,0.10533951604747535,0.0,0.005016167430832159,0,0,0,0.031716577322450985,17147
466,13157,Caiden Cleary,Sydney,CHF,9,0.10522345778530877,0.0,0.011691495309478751,0,0,0,0.07464009940891655,17264
467,13069,Bailey Macdonald,Hawthorn,INT,12,0.1046287912412691,0.0,0.008719065936772425,0,0,0,0.03204233276114446,17252
468,13068,Harvey Harrison,Collingwood,HFFL,11,0.10449483941609586,0.0,0.009499530856008714,0,0,0,0.047594629288356505,17199
469,13332,Jai Murray,Gold Coast,INT,9,0.10314028128904774,0.0,0.011460031254338638,0,0,0,0.04271961233287894,17199
470,12591,Hunter Clark,St Kilda,INT,7,0.10242222471122935,0.0,0.014631746387318479,0,0,0,0.04005970438408141,17229
471,13015,Jai Culley,Melbourne,C,7,0.10185213813707028,0.0,0.014550305448152898,0,0,0,0.04977631867038358,17086
472,13291,Cooper Duff-Tytler,West Coast,INT,16,0.10151949618532169,0.0,0.006344968511582606,0,0,0,0.027131905065496783,17138
473,12141,Jaeger OMeara,Fremantle,WL,6,0.10059787056741881,0.0,0.01676631176123647,0,0,0,0.03958307541307742,17089
474,13293,Josh Lindsay,West Coast,INT,15,0.09964928689312148,0.0,0.0066432857928747655,0,0,0,0.033641771305244345,17138
475,12946,Jackson Mead,Port Adelaide,INT,10,0.09926223583535497,0.0,0.009926223583535497,0,0,0,0.029548906974551578,17169
476,13353,Jay Polkinghorne,Geelong,FPR,6,0.09892355711078492,0.0,0.016487259518464154,0,0,0,0.03611161934955394,17222
477,13208,Matt Whitlock,North Melbourne,FPR,3,0.09845290492531503,0.0,0.03281763497510501,0,0,0,0.054159737973969155,17204
478,13316,Sam Cumming,Richmond,CHF,14,0.09839004511437453,0.0,0.007027860365312466,0,0,0,0.0346517580649958,17147
479,12491,Andrew McGrath,Essendon,BPL,20,0.0961519518284266,0.0,0.004807597591421331,0,0,0,0.034560427041650736,17107
480,13158,Max Gruzewski,Greater Western Sydney,INT,15,0.09550231586675022,0.0,0.0063668210577833475,0,0,0,0.030787246142337656,17163
481,12541,Will Brodie,Port Adelaide,INT,2,0.09543094768550558,0.0,0.04771547384275279,0,0,0,0.08250398487373008,17263
482,13119,Sam Clohesy,Gold Coast,WR,12,0.09499174052332096,0.0,0.007915978376943413,0,0,0,0.028793271927036707,17060
483,13231,Zak Johnson,Essendon,INT,7,0.09488815429850499,0.0,0.01355545061407214,0,0,0,0.042150229881718196,17065
484,13281,Hussien El Achkar,Essendon,INT,9,0.09409780094249405,0.0,0.010455311215832673,0,0,0,0.04700419865215193,17065
485,13341,Beau Addinsall,Gold Coast,INT,9,0.0901773343067207,0.0,0.010019703811857857,0,0,0,0.060151336295210925,17199
486,13289,Jack Watkins,Port Adelaide,INT,11,0.08978471914480646,0.0,0.008162247194982404,0,0,0,0.04701635682626946,17078
487,12625,Charlie Ballard,Gold Coast,INT,11,0.08975070787794423,0.0,0.008159155261631294,0,0,0,0.030502657943060077,17174
488,12140,Dane Rampe,Sydney,BPR,15,0.08970616923221661,0.0,0.005980411282147774,0,0,0,0.021959694543218576,17264
489,13170,Cooper Lord,Carlton,INT,9,0.0893382545185757,0.0,0.009926472724286189,0,0,0,0.03507438721746163,17224
490,12941,Ben Miller,Richmond,FB,21,0.0890298062561154,1.0,0.004239514583624543,0,0,0,0.02643115832205383,17244
491,13070,Ryan Maric,West Coast,INT,12,0.08864188348289496,0.0,0.007386823623574581,0,0,0,0.027805936002078226,17138
492,12547,Sean Darcy,Fremantle,INT,7,0.08794658247111756,0.0,0.012563797495873937,0,0,0,0.03945595192774822,17089
493,13318,Will Edwards,Sydney,FB,14,0.08690544138271594,1.0,0.006207531527336853,0,0,0,0.025600267901663615,17134
494,12841,Flynn Perez,Hawthorn,INT,7,0.0866986055271108,0.0,0.012385515075301542,0,0,0,0.04200273707220156,17094
495,13108,Toby Pink,North Melbourne,BPL,5,0.08660676245039728,1.0,0.017321352490079454,0,0,0,0.03630511636830788,17084
496,12800,Cody Weightman,Western Bulldogs,FPR,9,0.0861144763066207,0.0,0.009568275145180077,0,0,0,0.02052600580602531,17227
497,13144,Wil Dawson,North Melbourne,INT,10,0.08590552174230749,0.0,0.00859055217423075,0,0,0,0.03039284715888573,17264
498,13145,Steely Green,Richmond,INT,20,0.08590334485076025,0.0,0.004295167242538012,0,0,0,0.034193731175580507,17147
499,13309,Oliver Hayes-Brown,Richmond,INT,7,0.08577611593888136,0.0,0.012253730848411623,0,0,0,0.05542186122813381,17147
500,13135,Calsher Dear,Hawthorn,FF,5,0.08537511887633076,0.0,0.01707502377526615,0,0,0,0.037432827439516134,17144
501,13025,Josh Goater,North Melbourne,INT,6,0.08410376276407858,0.0,0.014017293794013097,0,0,0,0.04108396853308777,17229
502,12846,Jack Buckley,Greater Western Sydney,FB,9,0.0839799384679096,0.0,0.009331104274212179,0,0,0,0.028982138633318194,17076
503,13250,Malakai Champion,West Coast,FPL,8,0.08347406770524904,0.0,0.01043425846315613,0,0,0,0.030731493482742286,17138
504,12414,Callum Ah Chee,Adelaide,HFFL,7,0.08315380024396038,1.0,0.011879114320565768,0,0,0,0.044689745087614995,17244
505,13136,Harvey Johnston,West Coast,INT,8,0.08313837259028883,0.0,0.010392296573786104,0,0,0,0.02457367299717383,17138
506,12822,Matthew Cottrell,Carlton,INT,12,0.0830450117384395,0.0,0.0069204176448699585,0,0,0,0.033754967710329625,17247
507,12490,Dan Butler,St Kilda,INT,10,0.08273363245265539,0.0,0.00827336324526554,0,0,0,0.03720671758303962,17229
508,12854,Lachlan McNeil,Western Bulldogs,INT,10,0.08207118797425726,0.0,0.008207118797425726,0,0,0,0.02389440765660921,17162
509,13113,Mykelti Lefau,Richmond,FPR,21,0.08080050124364113,0.0,0.0038476429163638633,0,0,0,0.031802389131890714,17102
510,12359,Joel Hamling,Sydney,HBFR,9,0.07982258549829337,0.0,0.00886917616647704,0,0,0,0.02341137137745946,17264
511,13199,Christian Moraes,Port Adelaide,INT,12,0.07974026876289325,0.0,0.006645022396907771,0,0,0,0.025083401787645773,17169
512,13246,Charlie West,Collingwood,INT,8,0.0780840001965527,0.0,0.009760500024569088,0,0,0,0.029913654043854158,17252
513,13260,Jesse Dattoli,Sydney,INT,3,0.07786925955358046,2.0,0.025956419851193485,0,0,0,0.046217782107877484,17242
514,13258,Jayden Nguyen,Essendon,HFFR,5,0.07751822571778631,0.0,0.015503645143557263,0,0,0,0.04171768237089181,17065
515,13320,Bodie Ryan,Hawthorn,INT,5,0.07647414696171154,0.0,0.015294829392342307,0,0,0,0.04401906154197756,17144
516,12962,Jack Williams,West Coast,INT,12,0.07608292745085582,0.0,0.006340243954237985,0,0,0,0.02827132952892041,17154
517,13304,Jack Dalton,Hawthorn,FPL,5,0.07593464003625192,0.0,0.015186928007250383,0,0,0,0.049192106541861624,17094
518,12054,Adam Treloar,Western Bulldogs,HFFR,5,0.0750240018973412,0.0,0.015004800379468239,0,0,0,0.034153172050566144,17166
519,13147,Wil Parker,Collingwood,INT,5,0.07374154827745005,0.0,0.01474830965549001,0,0,0,0.03527978408097736,17122
520,12321,Jesse Hogan,Greater Western Sydney,FF,9,0.07272198677824233,0.0,0.008080220753138037,0,0,0,0.04093114159051345,17076
521,13270,Harrison Ramm,Port Adelaide,FB,6,0.07261816297369261,0.0,0.012103027162282102,0,0,0,0.03546595919438493,17253
522,12718,Noah Answerth,Brisbane Lions,BPL,15,0.07159548873331198,0.0,0.0047730325822207985,0,0,0,0.024033650789305666,17161
523,13249,George Stevens,Geelong,INT,2,0.07133982026798924,0.0,0.03566991013399462,0,0,0,0.06862320802885102,17174
524,12307,Nick Holman,Gold Coast,INT,7,0.07049019387376815,0.0,0.010070027696252593,0,0,0,0.041574526986052435,17199
525,13096,Tom Brown,Richmond,INT,18,0.06919667938461935,1.0,0.003844259965812186,0,0,0,0.026983206739956127,17244
526,13346,Dylan Patterson,Gold Coast,INT,5,0.06869894635455348,0.0,0.013739789270910695,0,0,0,0.046363019062349714,17199
527,12704,Jack Lukosius,Port Adelaide,WL,8,0.06787277748221372,0.0,0.008484097185276715,0,0,0,0.05670644932159324,17078
528,12852,Nik Cox,Essendon,HFFL,8,0.06629822638290007,0.0,0.00828727829786251,0,0,0,0.024025482161089455,17171
529,13324,Charlie Banfield,St Kilda,INT,3,0.06546540049611349,0.0,0.021821800165371164,0,0,0,0.032573415531586165,17147
530,12723,Oskar Baker,Western Bulldogs,INT,9,0.06530676579590856,0.0,0.0072563073106565075,0,0,0,0.019789494361494672,17100
531,13338,Kye Annand,Richmond,BPL,11,0.06508291751746813,0.0,0.005916628865224375,0,0,0,0.029352387237011217,17244
532,13078,Sam Banks,Richmond,CHB,18,0.06474501340660445,0.0,0.0035969451892558027,0,0,0,0.022072402905150244,17227
533,13091,Henry Hustwaite,Hawthorn,R,1,0.06206730199780024,0.0,0.06206730199780024,0,0,0,0.06206730199780024,17144
534,13322,Tom Anastasopoulos,Port Adelaide,INT,5,0.061784548112339625,0.0,0.012356909622467925,0,0,0,0.03306696342770059,17253
535,12090,Lincoln McCarthy,Brisbane Lions,INT,8,0.06124606808233452,0.0,0.007655758510291815,0,0,0,0.018905559451705002,17097
536,13186,Jacob Konstanty,North Melbourne,HFFR,10,0.06110720371201757,0.0,0.006110720371201757,0,0,0,0.019901799933633446,17134
537,13088,Toby McMullin,Greater Western Sydney,INT,8,0.06063609798025969,0.0,0.007579512247532462,0,0,0,0.019419581127537458,17254
538,13333,Luke Kennedy,Western Bulldogs,INT,6,0.057575176744984455,0.0,0.009595862790830743,0,0,0,0.018114661591811992,17255
539,13305,Mitch Zadow,Port Adelaide,INT,9,0.05732517291933683,0.0,0.006369463657704092,0,0,0,0.032185585538075864,17253
540,13218,Campbell Gray,Richmond,INT,10,0.056222981749142115,0.0,0.005622298174914211,0,0,0,0.03509953282945672,17147
541,13310,Charlie Edwards,Adelaide,INT,2,0.05619258736227016,0.0,0.02809629368113508,0,0,0,0.05619258736227016,17109
542,13360,Alex Van Wyk,Port Adelaide,INT,3,0.056025664258047184,0.0,0.01867522141934906,0,0,0,0.03158242641356622,17253
543,12267,Darcy Gardiner,Brisbane Lions,BPR,12,0.055786459127740703,3.0,0.004648871593978392,0,0,0,0.02738684313521414,17161
544,13354,Balyn OBrien,Port Adelaide,INT,6,0.055738148326416194,0.0,0.009289691387736032,0,0,0,0.031103372456584413,17253
545,13243,Alix Tauru,St Kilda,INT,9,0.05568453199567546,0.0,0.0061871702217417175,0,0,0,0.038932475468116304,17076
546,13203,Saad El-Hawli,Essendon,INT,8,0.05548498679406665,0.0,0.006935623349258332,0,0,0,0.022323037632337582,17171
547,12701,Bailey Scott,North Melbourne,INT,3,0.055208462051054424,0.0,0.018402820683684807,0,0,0,0.042460651999771004,17229
548,11847,Rhys Stanley,Geelong,RK,1,0.054395027177808475,0.0,0.054395027177808475,0,0,0,0.054395027177808475,17137
549,13214,Jonty Faull,Richmond,FPL,10,0.05436644836406619,0.0,0.005436644836406619,0,0,0,0.03198695152289117,17147
550,12773,Max King,St Kilda,INT,1,0.05380813625617867,0.0,0.05380813625617867,0,0,0,0.05380813625617867,17229
551,13337,Xavier Bamert,Port Adelaide,HFFL,10,0.053460683885972075,0.0,0.005346068388597207,0,0,0,0.03115823074462519,17253
552,13321,Jack Ison,Carlton,INT,8,0.052976630199914956,0.0,0.0066220787749893695,0,0,0,0.023348996889327588,17171
553,12668,Brandon Starcevich,West Coast,BPR,11,0.05229074157017972,1.0,0.004753703779107247,0,0,0,0.022802244982127087,17169
554,13327,Harry Kyle,Sydney,INT,10,0.05124018807141456,0.0,0.005124018807141456,0,0,0,0.029371738753768827,17264
555,13277,Zane Zakostelsky,Brisbane Lions,INT,3,0.05097653032293019,0.0,0.01699217677431006,0,0,0,0.024563124102731648,17111
556,12691,Chayce Jones,Adelaide,BPR,3,0.04969034776285284,0.0,0.01656344925428428,0,0,0,0.03236293684868321,17089
557,13288,Lachy Dovaston,North Melbourne,INT,6,0.0496882105726389,0.0,0.00828136842877315,0,0,0,0.01749452230419033,17127
558,13302,Oliver Hannaford,Greater Western Sydney,INT,5,0.04961378072807296,0.0,0.009922756145614591,0,0,0,0.02056098780430876,17135
559,13331,Campbell Lake,St Kilda,INT,10,0.04836153091686983,0.0,0.004836153091686983,0,0,0,0.03299076442968746,17247
560,13206,Tobie Travaglia,St Kilda,INT,7,0.04831676214856549,0.0,0.006902394592652213,0,0,0,0.0450612729771179,17229
561,13315,Tom Burton,Richmond,INT,5,0.04721395102119311,0.0,0.009442790204238622,0,0,0,0.03568402042619743,17147
562,12015,Harry Cunningham,Sydney,INT,13,0.04692114994444969,0.0,0.0036093192264961297,0,0,0,0.022608220472741795,17264
563,13330,Luker Kentfield,Melbourne,INT,3,0.046006607832179774,0.0,0.015335535944059925,0,0,0,0.037344109808771335,17182
564,13095,James Trezise,Richmond,INT,14,0.04580713011853746,0.0,0.0032719378656098186,0,0,0,0.026426832294560117,17147
565,13173,Tom Hanily,Sydney,INT,5,0.04576955754009669,0.0,0.009153911508019339,0,0,0,0.02503732036067035,17264
566,13348,Jack Ough,Greater Western Sydney,INT,5,0.044597666097502625,0.0,0.008919533219500526,0,0,0,0.044597666097502625,17220
567,13326,Cameron Nairn,Hawthorn,INT,4,0.04305843293531231,0.0,0.010764608233828077,0,0,0,0.014215950479260095,17166
568,13363,Max Beattie,Hawthorn,INT,2,0.04292195868585724,0.0,0.02146097934292862,0,0,0,0.03262615691957113,17252
569,12965,Jordan Boyd,Carlton,HBFR,2,0.041908248104715634,0.0,0.020954124052357817,0,0,0,0.02395944275340946,17088
570,12481,Brayden Fiorini,Essendon,WR,2,0.04184407910204672,0.0,0.02092203955102336,0,0,0,0.0362841972357877,17065
571,12776,Laitham Vandermeer,Western Bulldogs,HFFR,2,0.041753585107753184,0.0,0.020876792553876592,0,0,0,0.03120789220546899,17231
572,13185,Xavier Lindsay,Melbourne,INT,6,0.04149273259593899,0.0,0.006915455432656498,0,0,0,0.01940377782991508,17086
573,13161,Andy Moniz-Wakefield,Melbourne,INT,2,0.04117722806159138,0.0,0.02058861403079569,0,0,0,0.03234887000561176,17138
574,13361,Will Green,Sydney,INT,3,0.04037110953923354,0.0,0.013457036513077848,0,0,0,0.02831282314187713,17264
575,13058,Max Ramsden,Hawthorn,HFFR,2,0.03952668893077434,0.0,0.01976334446538717,0,0,0,0.03952668893077434,17144
576,13020,Leek Aleer,Greater Western Sydney,INT,7,0.039494653734064106,0.0,0.005642093390580587,0,0,0,0.013620220712030652,17121
577,13319,Cody Curtin,Brisbane Lions,CHF,4,0.039190309637686944,0.0,0.009797577409421736,0,0,0,0.02436354250885467,17161
578,12886,Conor Stone,Greater Western Sydney,INT,10,0.03892427134207178,0.0,0.003892427134207178,0,0,0,0.015358950985912195,17254
579,13233,Hudson OKeeffe,Carlton,INT,3,0.03875756108657555,0.0,0.012919187028858517,0,0,0,0.020554785547558553,17095
580,13253,Taj Hotton,Richmond,R,10,0.0372268331999984,0.0,0.00372268331999984,0,0,0,0.016992763802748327,17244
581,13323,Noah Roberts-Thomson,Richmond,HFFR,3,0.03624439175521833,0.0,0.01208146391840611,0,0,0,0.026374239765233794,17147
582,13347,Riley Hamilton,Greater Western Sydney,INT,8,0.0362399215513389,0.0,0.0045299901939173624,0,0,0,0.01765021162914901,17254
583,13200,Liam Fawcett,Richmond,INT,7,0.03618943075862285,0.0,0.005169918679803264,0,0,0,0.030555236847851226,17147
584,13039,Campbell Chesser,Carlton,WR,3,0.03585858967955835,0.0,0.01195286322651945,0,0,0,0.020537438752547495,17059
585,13362,Lachlan Carmichael,Western Bulldogs,BPR,2,0.03487103454165346,0.0,0.01743551727082673,0,0,0,0.02239013258193301,17255
586,13198,Tom Edwards,Essendon,FPR,7,0.034856054154442206,0.0,0.004979436307777458,0,0,0,0.014469806473160238,17164
587,12174,Nick Vlastuin,Richmond,HBFL,22,0.034724649801680024,3.0,0.0015783931728036375,0,0,0,0.01585011131549339,17147
588,12631,Jordan Ridley,Essendon,INT,7,0.03410201991089191,0.0,0.004871717130127415,0,0,0,0.01635985134489497,17220
589,13334,Lukas Cooke,Melbourne,BPR,2,0.03340084634937259,0.0,0.016700423174686296,0,0,0,0.02733867811143602,17222
590,12918,Samson Ryan,Richmond,INT,6,0.03292421317070003,0.0,0.0054873688617833385,0,0,0,0.022786972076652888,17244
591,12415,Jade Gresham,Essendon,INT,7,0.03251371857049781,0.0,0.004644816938642544,0,0,0,0.009844665574886228,17150
592,12853,Harry Jones,Essendon,INT,7,0.03213667547080902,0.0,0.004590953638687003,0,0,0,0.025292285196187057,17171
593,13359,Noah Howes,Collingwood,BPR,2,0.03180987948838088,0.0,0.01590493974419044,0,0,0,0.03180987948838088,17252
594,13053,Corey Warner,Sydney,INT,5,0.03169722718371369,0.0,0.006339445436742738,0,0,0,0.017465446631332624,17106
595,13174,James Leake,Greater Western Sydney,INT,5,0.0312518213183053,0.0,0.00625036426366106,0,0,0,0.02025923719623693,17135
596,13102,Harvey Gallagher,Western Bulldogs,INT,3,0.03089874480926559,0.0,0.01029958160308853,0,0,0,0.018618712668597645,17100
597,13344,Noah Mraz,Hawthorn,CHB,4,0.029268370873153794,0.0,0.0073170927182884486,0,0,0,0.026621069481446817,17207
598,13150,Billy Dowling,Adelaide,INT,3,0.028876665880592338,1.0,0.009625555293530779,0,0,0,0.028876665880592338,17244
599,13205,Tom Cochrane,Port Adelaide,HFFL,3,0.027918214632484343,0.0,0.009306071544161448,0,0,0,0.019740069460957396,17169
600,13162,Will Lorenz,Port Adelaide,INT,3,0.027233305232601333,0.0,0.009077768410867111,0,0,0,0.018484685129405633,17142
601,12848,Jy Farrar,Gold Coast,INT,3,0.0272000680003563,0.0,0.0090666893334521,0,0,0,0.02360678818024517,17060
602,13245,Flynn Young,Carlton,INT,3,0.025863629987652896,0.0,0.008621209995884298,0,0,0,0.025863629987652896,17171
603,13312,Xavier Taylor,Melbourne,HBFL,2,0.02517028052404588,0.0,0.01258514026202294,0,0,0,0.02517028052404588,17111
604,13172,Liam Reidy,Carlton,INT,4,0.024838785326337376,0.0,0.006209696331584344,0,0,0,0.014301795893228393,17059
605,13352,Jaxon Artemis,Essendon,HBFR,6,0.024830727019404336,0.0,0.004138454503234056,0,0,0,0.012315797116020528,17220
606,12811,Harry Edwards,West Coast,CHB,2,0.024809725876160645,0.0,0.012404862938080323,0,0,0,0.024809725876160645,17138
607,13126,Jake Rogers,Gold Coast,INT,9,0.024582064469049363,0.0,0.00273134049656104,0,0,0,0.015258016575552865,17115
608,12997,Judson Clarke,Richmond,WR,3,0.024360063575560857,0.0,0.00812002119185362,0,0,0,0.022433397300941092,17244
609,13357,Oscar Ryan,Adelaide,INT,2,0.024085102853330258,0.0,0.012042551426665129,0,0,0,0.024085102853330258,17244
610,12729,Peter Ladhams,Sydney,INT,2,0.023994115468794902,1.0,0.011997057734397451,0,0,0,0.023994115468794902,17160
611,13196,Archer Reid,West Coast,CHF,6,0.02391597809803678,0.0,0.003985996349672797,0,0,0,0.012900793199176318,17101
612,12986,Mitch Knevitt,Geelong,FPL,2,0.02359232300731498,0.0,0.01179616150365749,0,0,0,0.02359232300731498,17060
613,12870,Matt Flynn,West Coast,RK,4,0.023401823145344954,0.0,0.005850455786336238,0,0,0,0.023401823145344954,17085
614,13241,Vigo Visentini,Essendon,RK,3,0.02315306443332839,0.0,0.0077176881444427975,0,0,0,0.018547957260368012,17243
615,13355,Caleb Lewis,Gold Coast,INT,2,0.021944139148818792,0.0,0.010972069574409396,0,0,0,0.021944139148818792,17224
616,13343,Matt Hill,Hawthorn,FPL,2,0.021669732275062074,0.0,0.010834866137531037,0,0,0,0.021669732275062074,17207
617,13151,Jack Hutchinson,West Coast,FPR,6,0.02038646055054721,0.0,0.0033977434250912018,0,0,0,0.02038646055054721,17138
618,13351,Zane Peucker,Richmond,INT,2,0.020016009828849372,0.0,0.010008004914424686,0,0,0,0.020016009828849372,17227
619,13005,James Tunstill,Brisbane Lions,INT,11,0.01993045573172945,0.0,0.0018118596119754047,0,0,0,0.013209890272904836,17068
620,13209,Sandy Brock,West Coast,INT,6,0.019380125379597712,0.0,0.003230020896599619,0,0,0,0.010905558236747392,17101
621,13356,Archie Ludowyke,Adelaide,INT,2,0.019089853977617414,0.0,0.009544926988808707,0,0,0,0.019089853977617414,17244
622,13350,Ollie Greeves,Hawthorn,INT,4,0.019012551317593898,0.0,0.0047531378293984745,0,0,0,0.017196169446263752,17207
623,13211,Tom Gross,West Coast,INT,4,0.01877153528911077,0.0,0.004692883822277692,0,0,0,0.011494521412867165,17254
624,12727,Mitch Hinge,Adelaide,INT,1,0.018608737462811505,0.0,0.018608737462811505,0,0,0,0.018608737462811505,17095
625,13116,Angus Hastie,St Kilda,CHB,7,0.01804916134795208,0.0,0.002578451621136012,0,0,0,0.010571900478149578,17186
626,13311,Will McCabe,Hawthorn,INT,4,0.017999905247301017,0.0,0.004499976311825254,0,0,0,0.017999905247301017,17207
627,12813,Harry Schoenberg,West Coast,INT,5,0.017948276895724067,0.0,0.0035896553791448134,0,0,0,0.011074614147682443,17101
628,13056,Ollie Lord,Port Adelaide,FF,1,0.01686896592959975,0.0,0.01686896592959975,0,0,0,0.01686896592959975,17070
629,13295,Daniel Annable,Brisbane Lions,INT,3,0.0158327400149565,0.0,0.0052775800049854995,0,0,0,0.015565927617998628,17068
630,12732,Ryan Gardner,Western Bulldogs,BPR,2,0.014492582736975202,0.0,0.007246291368487601,0,0,0,0.014492582736975202,17260
631,13264,Rhys Unwin,Essendon,FPL,4,0.014248286768643054,0.0,0.0035620716921607636,0,0,0,0.01245258195966881,17243
632,12820,Jeremy Sharp,Fremantle,EMERG,2,0.014244545528224161,0.0,0.007122272764112081,0,0,0,0.014244545528224161,17123
633,12330,Adam Saad,Carlton,HBFL,3,0.01419978641808154,0.0,0.004733262139360514,0,0,0,0.01419978641808154,17059
634,12883,Rhyan Mansell,Richmond,FPR,6,0.014103829097381997,0.0,0.0023506381828969996,0,0,0,0.014103829097381997,17227
635,12596,Lachie Fogarty,Carlton,INT,2,0.014070787808441877,0.0,0.007035393904220939,0,0,0,0.014070787808441877,17059
636,13171,Ashton Moir,Carlton,FPR,2,0.013665335013176051,0.0,0.006832667506588026,0,0,0,0.013665335013176051,17059
637,12757,Brandon Zerk-Thatcher,Port Adelaide,FB,4,0.013217100026302192,0.0,0.003304275006575548,0,0,0,0.01184595313111827,17214
638,13201,Isaac Keeler,St Kilda,INT,2,0.012969772793221868,0.0,0.006484886396610934,0,0,0,0.006531789404264035,17158
639,13229,Angus Clarke,Essendon,WL,6,0.012372630837320903,0.0,0.0020621051395534836,0,0,0,0.011486746658372305,17220
640,12612,Matt Guelfi,Essendon,CHF,3,0.01200988996676395,0.0,0.004003296655587983,0,0,0,0.008488043433408341,17150
641,13226,Cody Angove,Greater Western Sydney,INT,1,0.011546373346062094,0.0,0.011546373346062094,0,0,0,0.011546373346062094,17254
642,13349,Flynn Riley,Carlton,RK,1,0.010231309331823807,0.0,0.010231309331823807,0,0,0,0.010231309331823807,17207
643,13358,Aidan Schubert,Hawthorn,FF,1,0.00872271879616928,0.0,0.00872271879616928,0,0,0,0.00872271879616928,17233
644,13242,Jasper Alger,Richmond,FF,8,0.007822527674575256,0.0,0.000977815959321907,0,0,0,0.007822527674575256,17150
645,12839,Matthew Owies,West Coast,FPL,3,0.007808808689843527,0.0,0.0026029362299478426,0,0,0,0.007808808689843527,17101
646,12935,Maurice Rioli,Richmond,HFFL,10,0.0073823010241860845,0.0,0.0007382301024186084,0,0,0,0.003760120180934673,17110
647,13044,Elijah Hewett,West Coast,HFFL,6,0.00704524161497026,0.0,0.0011742069358283767,0,0,0,0.00704524161497026,17101
648,12987,Luke Cleary,Western Bulldogs,INT,2,0.005667944277367824,0.0,0.002833972138683912,0,0,0,0.005667944277367824,17157
649,13215,Sam Marshall,Brisbane Lions,INT,2,0.005212251582056251,0.0,0.0026061257910281253,0,0,0,0.005212251582056251,17140
650,13267,Jacob Newton,West Coast,HFFL,3,0.004953675813999685,0.0,0.0016512252713332283,0,0,0,0.004953675813999685,17085
651,13314,Lachlan Smith,Western Bulldogs,CHB,2,0.00453262228360723,0.0,0.002266311141803615,0,0,0,0.00453262228360723,17133
652,12454,Eric Hipwood,Brisbane Lions,FPL,10,0.0017136057473210817,0.0,0.00017136057473210816,0,0,0,0.0017136057473210817,17240
653,13142,Shadeau Brain,Brisbane Lions,INT,2,0.0010251398275173754,0.0,0.0005125699137586877,0,0,0,0.0010251398275173754,17168
654,13345,Oliver Francou,West Coast,INT,4,0.0,0.0,0.0,0,0,0,0.0,17196
655,13364,Tobyn Murray,Fremantle,HFFR,1,0.0,0.0,0.0,0,0,0,0.0,17259
656,13189,Harry Armstrong,Richmond,FPR,4,0.0,0.0,0.0,0,0,0,0.0,17064
657,13202,Will McLachlan,Brisbane Lions,INT,1,0.0,0.0,0.0,0,0,0,0.0,17156
658,12654,Darragh Joyce,Brisbane Lions,BPL,3,0.0,0.0,0.0,0,0,0,0.0,17087
659,13133,Lachlan Sullivan,Collingwood,CHF,2,0.0,0.0,0.0,0,0,0,0.0,17087
660,11937,Jamie Cripps,West Coast,FPR,5,0.0,0.0,0.0,0,0,0,0.0,17072
661,12588,Bailey Banfield,Fremantle,INT,1,0.0,0.0,0.0,0,0,0,0.0,17259
662,13336,Taylor Goad,North Melbourne,INT,2,0.0,0.0,0.0,0,0,0,0.0,17176
663,12520,Zac Fisher,North Melbourne,INT,1,0.0,0.0,0.0,0,0,0,0.0,17167
664,12914,Brandon Walker,Fremantle,CHB,1,0.0,0.0,0.0,0,0,0,0.0,17067
665,12947,Josh Gibcus,Richmond,INT,1,0.0,0.0,0.0,0,0,0,0.0,17064
666,13325,Harrison Oliver,Greater Western Sydney,INT,5,0.0,0.0,0.0,0,0,0,0.0,17148
667,13329,Mitch Podhajski,Collingwood,FF,2,0.0,0.0,0.0,0,0,0,0.0,17172
668,13183,Aidan Johnson,Melbourne,INT,1,0.0,0.0,0.0,0,0,0,0.0,17210
